filepath,filename,label,label_id,writer_id,pair_id,extension,model,prob_forged,pred_label_id,pred_label,correct,confidence,error_type
/kaggle/input/datasets/matteocarnebella/cedar-signatures/signatures/signatures_12/original_12_12.png,original_12_12.png,genuine,0,writer_12,writer_12_sample_12,.png,Custom_CNN,0.8951188,1,forged,False,0.8951188,genuine_predicted_as_forged
/kaggle/input/datasets/matteocarnebella/cedar-signatures/signatures/signatures_12/original_12_10.png,original_12_10.png,genuine,0,writer_12,writer_12_sample_10,.png,Custom_CNN,0.88809276,1,forged,False,0.88809276,genuine_predicted_as_forged
/kaggle/input/datasets/matteocarnebella/cedar-signatures/signatures/signatures_12/original_12_22.png,original_12_22.png,genuine,0,writer_12,writer_12_sample_22,.png,Custom_CNN,0.87268794,1,forged,False,0.87268794,genuine_predicted_as_forged
/kaggle/input/datasets/matteocarnebella/cedar-signatures/signatures/signatures_49/original_49_20.png,original_49_20.png,genuine,0,writer_49,writer_49_sample_20,.png,Custom_CNN,0.8698992,1,forged,False,0.8698992,genuine_predicted_as_forged
/kaggle/input/datasets/matteocarnebella/cedar-signatures/signatures/signatures_49/original_49_15.png,original_49_15.png,genuine,0,writer_49,writer_49_sample_15,.png,Custom_CNN,0.86518276,1,forged,False,0.86518276,genuine_predicted_as_forged
/kaggle/input/datasets/matteocarnebella/cedar-signatures/signatures/signatures_49/original_49_19.png,original_49_19.png,genuine,0,writer_49,writer_49_sample_19,.png,Custom_CNN,0.8649856,1,forged,False,0.8649856,genuine_predicted_as_forged
/kaggle/input/datasets/matteocarnebella/cedar-signatures/signatures/signatures_49/original_49_2.png,original_49_2.png,genuine,0,writer_49,writer_49_sample_2,.png,Custom_CNN,0.8643197,1,forged,False,0.8643197,genuine_predicted_as_forged
/kaggle/input/datasets/matteocarnebella/cedar-signatures/signatures/signatures_49/original_49_3.png,original_49_3.png,genuine,0,writer_49,writer_49_sample_3,.png,Custom_CNN,0.8603571,1,forged,False,0.8603571,genuine_predicted_as_forged
/kaggle/input/datasets/matteocarnebella/cedar-signatures/signatures/signatures_49/original_49_7.png,original_49_7.png,genuine,0,writer_49,writer_49_sample_7,.png,Custom_CNN,0.8599785,1,forged,False,0.8599785,genuine_predicted_as_forged
/kaggle/input/datasets/matteocarnebella/cedar-signatures/signatures/signatures_12/original_12_3.png,original_12_3.png,genuine,0,writer_12,writer_12_sample_3,.png,Custom_CNN,0.8549305,1,forged,False,0.8549305,genuine_predicted_as_forged
/kaggle/input/datasets/matteocarnebella/cedar-signatures/signatures/signatures_49/original_49_9.png,original_49_9.png,genuine,0,writer_49,writer_49_sample_9,.png,Custom_CNN,0.850622,1,forged,False,0.850622,genuine_predicted_as_forged
/kaggle/input/datasets/matteocarnebella/cedar-signatures/signatures/signatures_12/original_12_1.png,original_12_1.png,genuine,0,writer_12,writer_12_sample_1,.png,Custom_CNN,0.85056,1,forged,False,0.85056,genuine_predicted_as_forged
/kaggle/input/datasets/matteocarnebella/cedar-signatures/signatures/signatures_12/original_12_23.png,original_12_23.png,genuine,0,writer_12,writer_12_sample_23,.png,Custom_CNN,0.8493081,1,forged,False,0.8493081,genuine_predicted_as_forged
/kaggle/input/datasets/matteocarnebella/cedar-signatures/signatures/signatures_49/original_49_10.png,original_49_10.png,genuine,0,writer_49,writer_49_sample_10,.png,Custom_CNN,0.84846354,1,forged,False,0.84846354,genuine_predicted_as_forged
/kaggle/input/datasets/matteocarnebella/cedar-signatures/signatures/signatures_49/original_49_22.png,original_49_22.png,genuine,0,writer_49,writer_49_sample_22,.png,Custom_CNN,0.84708875,1,forged,False,0.84708875,genuine_predicted_as_forged
/kaggle/input/datasets/matteocarnebella/cedar-signatures/signatures/signatures_49/original_49_1.png,original_49_1.png,genuine,0,writer_49,writer_49_sample_1,.png,Custom_CNN,0.8425794,1,forged,False,0.8425794,genuine_predicted_as_forged
/kaggle/input/datasets/matteocarnebella/cedar-signatures/signatures/signatures_49/original_49_23.png,original_49_23.png,genuine,0,writer_49,writer_49_sample_23,.png,Custom_CNN,0.84172183,1,forged,False,0.84172183,genuine_predicted_as_forged
/kaggle/input/datasets/matteocarnebella/cedar-signatures/signatures/signatures_49/original_49_14.png,original_49_14.png,genuine,0,writer_49,writer_49_sample_14,.png,Custom_CNN,0.836718,1,forged,False,0.836718,genuine_predicted_as_forged
/kaggle/input/datasets/matteocarnebella/cedar-signatures/signatures/signatures_49/original_49_8.png,original_49_8.png,genuine,0,writer_49,writer_49_sample_8,.png,Custom_CNN,0.83527976,1,forged,False,0.83527976,genuine_predicted_as_forged
/kaggle/input/datasets/matteocarnebella/cedar-signatures/signatures/signatures_49/original_49_16.png,original_49_16.png,genuine,0,writer_49,writer_49_sample_16,.png,Custom_CNN,0.8346194,1,forged,False,0.8346194,genuine_predicted_as_forged
/kaggle/input/datasets/matteocarnebella/cedar-signatures/signatures/signatures_49/original_49_4.png,original_49_4.png,genuine,0,writer_49,writer_49_sample_4,.png,Custom_CNN,0.83414507,1,forged,False,0.83414507,genuine_predicted_as_forged
/kaggle/input/datasets/matteocarnebella/cedar-signatures/signatures/signatures_12/original_12_6.png,original_12_6.png,genuine,0,writer_12,writer_12_sample_6,.png,Custom_CNN,0.8319003,1,forged,False,0.8319003,genuine_predicted_as_forged
/kaggle/input/datasets/matteocarnebella/cedar-signatures/signatures/signatures_49/original_49_21.png,original_49_21.png,genuine,0,writer_49,writer_49_sample_21,.png,Custom_CNN,0.8296,1,forged,False,0.8296,genuine_predicted_as_forged
/kaggle/input/datasets/matteocarnebella/cedar-signatures/signatures/signatures_12/original_12_16.png,original_12_16.png,genuine,0,writer_12,writer_12_sample_16,.png,Custom_CNN,0.8292367,1,forged,False,0.8292367,genuine_predicted_as_forged
/kaggle/input/datasets/matteocarnebella/cedar-signatures/signatures/signatures_49/original_49_6.png,original_49_6.png,genuine,0,writer_49,writer_49_sample_6,.png,Custom_CNN,0.8256834,1,forged,False,0.8256834,genuine_predicted_as_forged
/kaggle/input/datasets/matteocarnebella/cedar-signatures/signatures/signatures_49/original_49_17.png,original_49_17.png,genuine,0,writer_49,writer_49_sample_17,.png,Custom_CNN,0.82237124,1,forged,False,0.82237124,genuine_predicted_as_forged
/kaggle/input/datasets/matteocarnebella/cedar-signatures/signatures/signatures_49/original_49_5.png,original_49_5.png,genuine,0,writer_49,writer_49_sample_5,.png,Custom_CNN,0.82117015,1,forged,False,0.82117015,genuine_predicted_as_forged
/kaggle/input/datasets/matteocarnebella/cedar-signatures/signatures/signatures_49/original_49_11.png,original_49_11.png,genuine,0,writer_49,writer_49_sample_11,.png,Custom_CNN,0.82044894,1,forged,False,0.82044894,genuine_predicted_as_forged
/kaggle/input/datasets/matteocarnebella/cedar-signatures/signatures/signatures_33/original_33_21.png,original_33_21.png,genuine,0,writer_33,writer_33_sample_21,.png,Custom_CNN,0.82028437,1,forged,False,0.82028437,genuine_predicted_as_forged
/kaggle/input/datasets/matteocarnebella/cedar-signatures/signatures/signatures_49/original_49_18.png,original_49_18.png,genuine,0,writer_49,writer_49_sample_18,.png,Custom_CNN,0.8167079,1,forged,False,0.8167079,genuine_predicted_as_forged
/kaggle/input/datasets/matteocarnebella/cedar-signatures/signatures/signatures_49/original_49_13.png,original_49_13.png,genuine,0,writer_49,writer_49_sample_13,.png,Custom_CNN,0.816576,1,forged,False,0.816576,genuine_predicted_as_forged
/kaggle/input/datasets/matteocarnebella/cedar-signatures/signatures/signatures_4/original_4_16.png,original_4_16.png,genuine,0,writer_4,writer_4_sample_16,.png,Custom_CNN,0.8140932,1,forged,False,0.8140932,genuine_predicted_as_forged
/kaggle/input/datasets/matteocarnebella/cedar-signatures/signatures/signatures_49/original_49_12.png,original_49_12.png,genuine,0,writer_49,writer_49_sample_12,.png,Custom_CNN,0.81295335,1,forged,False,0.81295335,genuine_predicted_as_forged
/kaggle/input/datasets/matteocarnebella/cedar-signatures/signatures/signatures_12/original_12_19.png,original_12_19.png,genuine,0,writer_12,writer_12_sample_19,.png,Custom_CNN,0.81098896,1,forged,False,0.81098896,genuine_predicted_as_forged
/kaggle/input/datasets/matteocarnebella/cedar-signatures/signatures/signatures_4/forgeries_4_10.png,forgeries_4_10.png,forged,1,writer_4,writer_4_sample_10,.png,Custom_CNN,0.19008675,0,genuine,False,0.8099133,forged_predicted_as_genuine
/kaggle/input/datasets/matteocarnebella/cedar-signatures/signatures/signatures_4/original_4_5.png,original_4_5.png,genuine,0,writer_4,writer_4_sample_5,.png,Custom_CNN,0.802364,1,forged,False,0.802364,genuine_predicted_as_forged
/kaggle/input/datasets/matteocarnebella/cedar-signatures/signatures/signatures_33/original_33_18.png,original_33_18.png,genuine,0,writer_33,writer_33_sample_18,.png,Custom_CNN,0.8004377,1,forged,False,0.8004377,genuine_predicted_as_forged
/kaggle/input/datasets/matteocarnebella/cedar-signatures/signatures/signatures_12/original_12_11.png,original_12_11.png,genuine,0,writer_12,writer_12_sample_11,.png,Custom_CNN,0.8003443,1,forged,False,0.8003443,genuine_predicted_as_forged
/kaggle/input/datasets/matteocarnebella/cedar-signatures/signatures/signatures_12/original_12_21.png,original_12_21.png,genuine,0,writer_12,writer_12_sample_21,.png,Custom_CNN,0.7984498,1,forged,False,0.7984498,genuine_predicted_as_forged
/kaggle/input/datasets/matteocarnebella/cedar-signatures/signatures/signatures_49/original_49_24.png,original_49_24.png,genuine,0,writer_49,writer_49_sample_24,.png,Custom_CNN,0.7974722,1,forged,False,0.7974722,genuine_predicted_as_forged
/kaggle/input/datasets/matteocarnebella/cedar-signatures/signatures/signatures_33/original_33_22.png,original_33_22.png,genuine,0,writer_33,writer_33_sample_22,.png,Custom_CNN,0.7942004,1,forged,False,0.7942004,genuine_predicted_as_forged
/kaggle/input/datasets/matteocarnebella/cedar-signatures/signatures/signatures_12/original_12_24.png,original_12_24.png,genuine,0,writer_12,writer_12_sample_24,.png,Custom_CNN,0.7936217,1,forged,False,0.7936217,genuine_predicted_as_forged
/kaggle/input/datasets/matteocarnebella/cedar-signatures/signatures/signatures_33/original_33_19.png,original_33_19.png,genuine,0,writer_33,writer_33_sample_19,.png,Custom_CNN,0.78798926,1,forged,False,0.78798926,genuine_predicted_as_forged
/kaggle/input/datasets/matteocarnebella/cedar-signatures/signatures/signatures_33/original_33_16.png,original_33_16.png,genuine,0,writer_33,writer_33_sample_16,.png,Custom_CNN,0.7862855,1,forged,False,0.7862855,genuine_predicted_as_forged
/kaggle/input/datasets/matteocarnebella/cedar-signatures/signatures/signatures_12/original_12_20.png,original_12_20.png,genuine,0,writer_12,writer_12_sample_20,.png,Custom_CNN,0.78542626,1,forged,False,0.78542626,genuine_predicted_as_forged
/kaggle/input/datasets/matteocarnebella/cedar-signatures/signatures/signatures_33/original_33_23.png,original_33_23.png,genuine,0,writer_33,writer_33_sample_23,.png,Custom_CNN,0.78171813,1,forged,False,0.78171813,genuine_predicted_as_forged
/kaggle/input/datasets/matteocarnebella/cedar-signatures/signatures/signatures_12/original_12_4.png,original_12_4.png,genuine,0,writer_12,writer_12_sample_4,.png,Custom_CNN,0.7767704,1,forged,False,0.7767704,genuine_predicted_as_forged
/kaggle/input/datasets/matteocarnebella/cedar-signatures/signatures/signatures_4/original_4_24.png,original_4_24.png,genuine,0,writer_4,writer_4_sample_24,.png,Custom_CNN,0.7762414,1,forged,False,0.7762414,genuine_predicted_as_forged
/kaggle/input/datasets/matteocarnebella/cedar-signatures/signatures/signatures_33/original_33_24.png,original_33_24.png,genuine,0,writer_33,writer_33_sample_24,.png,Custom_CNN,0.7751253,1,forged,False,0.7751253,genuine_predicted_as_forged
/kaggle/input/datasets/matteocarnebella/cedar-signatures/signatures/signatures_33/original_33_11.png,original_33_11.png,genuine,0,writer_33,writer_33_sample_11,.png,Custom_CNN,0.7703636,1,forged,False,0.7703636,genuine_predicted_as_forged
/kaggle/input/datasets/matteocarnebella/cedar-signatures/signatures/signatures_33/original_33_1.png,original_33_1.png,genuine,0,writer_33,writer_33_sample_1,.png,Custom_CNN,0.7686183,1,forged,False,0.7686183,genuine_predicted_as_forged
/kaggle/input/datasets/matteocarnebella/cedar-signatures/signatures/signatures_12/original_12_17.png,original_12_17.png,genuine,0,writer_12,writer_12_sample_17,.png,Custom_CNN,0.7627204,1,forged,False,0.7627204,genuine_predicted_as_forged
/kaggle/input/datasets/matteocarnebella/cedar-signatures/signatures/signatures_12/original_12_7.png,original_12_7.png,genuine,0,writer_12,writer_12_sample_7,.png,Custom_CNN,0.76070976,1,forged,False,0.76070976,genuine_predicted_as_forged
/kaggle/input/datasets/matteocarnebella/cedar-signatures/signatures/signatures_12/original_12_9.png,original_12_9.png,genuine,0,writer_12,writer_12_sample_9,.png,Custom_CNN,0.7601779,1,forged,False,0.7601779,genuine_predicted_as_forged
/kaggle/input/datasets/matteocarnebella/cedar-signatures/signatures/signatures_12/original_12_15.png,original_12_15.png,genuine,0,writer_12,writer_12_sample_15,.png,Custom_CNN,0.75552964,1,forged,False,0.75552964,genuine_predicted_as_forged
/kaggle/input/datasets/matteocarnebella/cedar-signatures/signatures/signatures_47/original_47_3.png,original_47_3.png,genuine,0,writer_47,writer_47_sample_3,.png,Custom_CNN,0.7417948,1,forged,False,0.7417948,genuine_predicted_as_forged
/kaggle/input/datasets/matteocarnebella/cedar-signatures/signatures/signatures_54/original_54_24.png,original_54_24.png,genuine,0,writer_54,writer_54_sample_24,.png,Custom_CNN,0.7340448,1,forged,False,0.7340448,genuine_predicted_as_forged
/kaggle/input/datasets/matteocarnebella/cedar-signatures/signatures/signatures_33/original_33_12.png,original_33_12.png,genuine,0,writer_33,writer_33_sample_12,.png,Custom_CNN,0.7335693,1,forged,False,0.7335693,genuine_predicted_as_forged
/kaggle/input/datasets/matteocarnebella/cedar-signatures/signatures/signatures_33/original_33_17.png,original_33_17.png,genuine,0,writer_33,writer_33_sample_17,.png,Custom_CNN,0.7222702,1,forged,False,0.7222702,genuine_predicted_as_forged
/kaggle/input/datasets/matteocarnebella/cedar-signatures/signatures/signatures_33/original_33_13.png,original_33_13.png,genuine,0,writer_33,writer_33_sample_13,.png,Custom_CNN,0.72046727,1,forged,False,0.72046727,genuine_predicted_as_forged
/kaggle/input/datasets/matteocarnebella/cedar-signatures/signatures/signatures_33/original_33_5.png,original_33_5.png,genuine,0,writer_33,writer_33_sample_5,.png,Custom_CNN,0.71922076,1,forged,False,0.71922076,genuine_predicted_as_forged
/kaggle/input/datasets/matteocarnebella/cedar-signatures/signatures/signatures_47/original_47_6.png,original_47_6.png,genuine,0,writer_47,writer_47_sample_6,.png,Custom_CNN,0.7168481,1,forged,False,0.7168481,genuine_predicted_as_forged
/kaggle/input/datasets/matteocarnebella/cedar-signatures/signatures/signatures_47/original_47_22.png,original_47_22.png,genuine,0,writer_47,writer_47_sample_22,.png,Custom_CNN,0.7041284,1,forged,False,0.7041284,genuine_predicted_as_forged
/kaggle/input/datasets/matteocarnebella/cedar-signatures/signatures/signatures_12/original_12_2.png,original_12_2.png,genuine,0,writer_12,writer_12_sample_2,.png,Custom_CNN,0.7024813,1,forged,False,0.7024813,genuine_predicted_as_forged
/kaggle/input/datasets/matteocarnebella/cedar-signatures/signatures/signatures_4/original_4_18.png,original_4_18.png,genuine,0,writer_4,writer_4_sample_18,.png,Custom_CNN,0.6986618,1,forged,False,0.6986618,genuine_predicted_as_forged
/kaggle/input/datasets/matteocarnebella/cedar-signatures/signatures/signatures_12/original_12_8.png,original_12_8.png,genuine,0,writer_12,writer_12_sample_8,.png,Custom_CNN,0.69836605,1,forged,False,0.69836605,genuine_predicted_as_forged
/kaggle/input/datasets/matteocarnebella/cedar-signatures/signatures/signatures_4/original_4_3.png,original_4_3.png,genuine,0,writer_4,writer_4_sample_3,.png,Custom_CNN,0.6950185,1,forged,False,0.6950185,genuine_predicted_as_forged
/kaggle/input/datasets/matteocarnebella/cedar-signatures/signatures/signatures_54/original_54_16.png,original_54_16.png,genuine,0,writer_54,writer_54_sample_16,.png,Custom_CNN,0.6943538,1,forged,False,0.6943538,genuine_predicted_as_forged
/kaggle/input/datasets/matteocarnebella/cedar-signatures/signatures/signatures_47/original_47_15.png,original_47_15.png,genuine,0,writer_47,writer_47_sample_15,.png,Custom_CNN,0.6934956,1,forged,False,0.6934956,genuine_predicted_as_forged
/kaggle/input/datasets/matteocarnebella/cedar-signatures/signatures/signatures_47/original_47_7.png,original_47_7.png,genuine,0,writer_47,writer_47_sample_7,.png,Custom_CNN,0.6930711,1,forged,False,0.6930711,genuine_predicted_as_forged
/kaggle/input/datasets/matteocarnebella/cedar-signatures/signatures/signatures_14/original_14_8.png,original_14_8.png,genuine,0,writer_14,writer_14_sample_8,.png,Custom_CNN,0.6913465,1,forged,False,0.6913465,genuine_predicted_as_forged
/kaggle/input/datasets/matteocarnebella/cedar-signatures/signatures/signatures_47/original_47_16.png,original_47_16.png,genuine,0,writer_47,writer_47_sample_16,.png,Custom_CNN,0.69051987,1,forged,False,0.69051987,genuine_predicted_as_forged
/kaggle/input/datasets/matteocarnebella/cedar-signatures/signatures/signatures_33/original_33_9.png,original_33_9.png,genuine,0,writer_33,writer_33_sample_9,.png,Custom_CNN,0.69018793,1,forged,False,0.69018793,genuine_predicted_as_forged
/kaggle/input/datasets/matteocarnebella/cedar-signatures/signatures/signatures_33/original_33_20.png,original_33_20.png,genuine,0,writer_33,writer_33_sample_20,.png,Custom_CNN,0.69001997,1,forged,False,0.69001997,genuine_predicted_as_forged
/kaggle/input/datasets/matteocarnebella/cedar-signatures/signatures/signatures_33/original_33_6.png,original_33_6.png,genuine,0,writer_33,writer_33_sample_6,.png,Custom_CNN,0.6855594,1,forged,False,0.6855594,genuine_predicted_as_forged
/kaggle/input/datasets/matteocarnebella/cedar-signatures/signatures/signatures_33/original_33_14.png,original_33_14.png,genuine,0,writer_33,writer_33_sample_14,.png,Custom_CNN,0.68389565,1,forged,False,0.68389565,genuine_predicted_as_forged
/kaggle/input/datasets/matteocarnebella/cedar-signatures/signatures/signatures_33/original_33_10.png,original_33_10.png,genuine,0,writer_33,writer_33_sample_10,.png,Custom_CNN,0.68087596,1,forged,False,0.68087596,genuine_predicted_as_forged
/kaggle/input/datasets/matteocarnebella/cedar-signatures/signatures/signatures_47/original_47_18.png,original_47_18.png,genuine,0,writer_47,writer_47_sample_18,.png,Custom_CNN,0.680312,1,forged,False,0.680312,genuine_predicted_as_forged
/kaggle/input/datasets/matteocarnebella/cedar-signatures/signatures/signatures_12/original_12_5.png,original_12_5.png,genuine,0,writer_12,writer_12_sample_5,.png,Custom_CNN,0.67383,1,forged,False,0.67383,genuine_predicted_as_forged
/kaggle/input/datasets/matteocarnebella/cedar-signatures/signatures/signatures_4/forgeries_4_9.png,forgeries_4_9.png,forged,1,writer_4,writer_4_sample_9,.png,Custom_CNN,0.32792127,0,genuine,False,0.6720787,forged_predicted_as_genuine
/kaggle/input/datasets/matteocarnebella/cedar-signatures/signatures/signatures_4/original_4_21.png,original_4_21.png,genuine,0,writer_4,writer_4_sample_21,.png,Custom_CNN,0.6709788,1,forged,False,0.6709788,genuine_predicted_as_forged
/kaggle/input/datasets/matteocarnebella/cedar-signatures/signatures/signatures_47/original_47_12.png,original_47_12.png,genuine,0,writer_47,writer_47_sample_12,.png,Custom_CNN,0.6699407,1,forged,False,0.6699407,genuine_predicted_as_forged
/kaggle/input/datasets/matteocarnebella/cedar-signatures/signatures/signatures_54/original_54_13.png,original_54_13.png,genuine,0,writer_54,writer_54_sample_13,.png,Custom_CNN,0.66630375,1,forged,False,0.66630375,genuine_predicted_as_forged
/kaggle/input/datasets/matteocarnebella/cedar-signatures/signatures/signatures_47/original_47_21.png,original_47_21.png,genuine,0,writer_47,writer_47_sample_21,.png,Custom_CNN,0.6655836,1,forged,False,0.6655836,genuine_predicted_as_forged
/kaggle/input/datasets/matteocarnebella/cedar-signatures/signatures/signatures_47/original_47_19.png,original_47_19.png,genuine,0,writer_47,writer_47_sample_19,.png,Custom_CNN,0.6602117,1,forged,False,0.6602117,genuine_predicted_as_forged
/kaggle/input/datasets/matteocarnebella/cedar-signatures/signatures/signatures_33/original_33_3.png,original_33_3.png,genuine,0,writer_33,writer_33_sample_3,.png,Custom_CNN,0.65688604,1,forged,False,0.65688604,genuine_predicted_as_forged
/kaggle/input/datasets/matteocarnebella/cedar-signatures/signatures/signatures_4/original_4_1.png,original_4_1.png,genuine,0,writer_4,writer_4_sample_1,.png,Custom_CNN,0.65669465,1,forged,False,0.65669465,genuine_predicted_as_forged
/kaggle/input/datasets/matteocarnebella/cedar-signatures/signatures/signatures_12/original_12_18.png,original_12_18.png,genuine,0,writer_12,writer_12_sample_18,.png,Custom_CNN,0.6564821,1,forged,False,0.6564821,genuine_predicted_as_forged
/kaggle/input/datasets/matteocarnebella/cedar-signatures/signatures/signatures_54/original_54_18.png,original_54_18.png,genuine,0,writer_54,writer_54_sample_18,.png,Custom_CNN,0.655918,1,forged,False,0.655918,genuine_predicted_as_forged
/kaggle/input/datasets/matteocarnebella/cedar-signatures/signatures/signatures_33/original_33_2.png,original_33_2.png,genuine,0,writer_33,writer_33_sample_2,.png,Custom_CNN,0.6522981,1,forged,False,0.6522981,genuine_predicted_as_forged
/kaggle/input/datasets/matteocarnebella/cedar-signatures/signatures/signatures_15/original_15_1.png,original_15_1.png,genuine,0,writer_15,writer_15_sample_1,.png,Custom_CNN,0.6475297,1,forged,False,0.6475297,genuine_predicted_as_forged
/kaggle/input/datasets/matteocarnebella/cedar-signatures/signatures/signatures_47/original_47_23.png,original_47_23.png,genuine,0,writer_47,writer_47_sample_23,.png,Custom_CNN,0.6438719,1,forged,False,0.6438719,genuine_predicted_as_forged
/kaggle/input/datasets/matteocarnebella/cedar-signatures/signatures/signatures_14/original_14_6.png,original_14_6.png,genuine,0,writer_14,writer_14_sample_6,.png,Custom_CNN,0.6428197,1,forged,False,0.6428197,genuine_predicted_as_forged
/kaggle/input/datasets/matteocarnebella/cedar-signatures/signatures/signatures_14/original_14_5.png,original_14_5.png,genuine,0,writer_14,writer_14_sample_5,.png,Custom_CNN,0.64052993,1,forged,False,0.64052993,genuine_predicted_as_forged
/kaggle/input/datasets/matteocarnebella/cedar-signatures/signatures/signatures_47/original_47_5.png,original_47_5.png,genuine,0,writer_47,writer_47_sample_5,.png,Custom_CNN,0.63813144,1,forged,False,0.63813144,genuine_predicted_as_forged
/kaggle/input/datasets/matteocarnebella/cedar-signatures/signatures/signatures_14/original_14_10.png,original_14_10.png,genuine,0,writer_14,writer_14_sample_10,.png,Custom_CNN,0.63522774,1,forged,False,0.63522774,genuine_predicted_as_forged
/kaggle/input/datasets/matteocarnebella/cedar-signatures/signatures/signatures_33/original_33_4.png,original_33_4.png,genuine,0,writer_33,writer_33_sample_4,.png,Custom_CNN,0.63455737,1,forged,False,0.63455737,genuine_predicted_as_forged
/kaggle/input/datasets/matteocarnebella/cedar-signatures/signatures/signatures_14/original_14_4.png,original_14_4.png,genuine,0,writer_14,writer_14_sample_4,.png,Custom_CNN,0.63179743,1,forged,False,0.63179743,genuine_predicted_as_forged
/kaggle/input/datasets/matteocarnebella/cedar-signatures/signatures/signatures_14/original_14_7.png,original_14_7.png,genuine,0,writer_14,writer_14_sample_7,.png,Custom_CNN,0.63100994,1,forged,False,0.63100994,genuine_predicted_as_forged
/kaggle/input/datasets/matteocarnebella/cedar-signatures/signatures/signatures_54/original_54_14.png,original_54_14.png,genuine,0,writer_54,writer_54_sample_14,.png,Custom_CNN,0.6254936,1,forged,False,0.6254936,genuine_predicted_as_forged
/kaggle/input/datasets/matteocarnebella/cedar-signatures/signatures/signatures_33/original_33_7.png,original_33_7.png,genuine,0,writer_33,writer_33_sample_7,.png,Custom_CNN,0.62461925,1,forged,False,0.62461925,genuine_predicted_as_forged
/kaggle/input/datasets/matteocarnebella/cedar-signatures/signatures/signatures_54/original_54_21.png,original_54_21.png,genuine,0,writer_54,writer_54_sample_21,.png,Custom_CNN,0.62436545,1,forged,False,0.62436545,genuine_predicted_as_forged
/kaggle/input/datasets/matteocarnebella/cedar-signatures/signatures/signatures_4/original_4_15.png,original_4_15.png,genuine,0,writer_4,writer_4_sample_15,.png,Custom_CNN,0.6225082,1,forged,False,0.6225082,genuine_predicted_as_forged
/kaggle/input/datasets/matteocarnebella/cedar-signatures/signatures/signatures_47/original_47_24.png,original_47_24.png,genuine,0,writer_47,writer_47_sample_24,.png,Custom_CNN,0.6170783,1,forged,False,0.6170783,genuine_predicted_as_forged
/kaggle/input/datasets/matteocarnebella/cedar-signatures/signatures/signatures_54/original_54_15.png,original_54_15.png,genuine,0,writer_54,writer_54_sample_15,.png,Custom_CNN,0.61670727,1,forged,False,0.61670727,genuine_predicted_as_forged
/kaggle/input/datasets/matteocarnebella/cedar-signatures/signatures/signatures_33/original_33_15.png,original_33_15.png,genuine,0,writer_33,writer_33_sample_15,.png,Custom_CNN,0.61614287,1,forged,False,0.61614287,genuine_predicted_as_forged
/kaggle/input/datasets/matteocarnebella/cedar-signatures/signatures/signatures_14/original_14_18.png,original_14_18.png,genuine,0,writer_14,writer_14_sample_18,.png,Custom_CNN,0.61593467,1,forged,False,0.61593467,genuine_predicted_as_forged
/kaggle/input/datasets/matteocarnebella/cedar-signatures/signatures/signatures_4/original_4_7.png,original_4_7.png,genuine,0,writer_4,writer_4_sample_7,.png,Custom_CNN,0.6154392,1,forged,False,0.6154392,genuine_predicted_as_forged
/kaggle/input/datasets/matteocarnebella/cedar-signatures/signatures/signatures_4/original_4_4.png,original_4_4.png,genuine,0,writer_4,writer_4_sample_4,.png,Custom_CNN,0.61358476,1,forged,False,0.61358476,genuine_predicted_as_forged
/kaggle/input/datasets/matteocarnebella/cedar-signatures/signatures/signatures_14/original_14_2.png,original_14_2.png,genuine,0,writer_14,writer_14_sample_2,.png,Custom_CNN,0.61135584,1,forged,False,0.61135584,genuine_predicted_as_forged
/kaggle/input/datasets/matteocarnebella/cedar-signatures/signatures/signatures_4/original_4_6.png,original_4_6.png,genuine,0,writer_4,writer_4_sample_6,.png,Custom_CNN,0.6032607,1,forged,False,0.6032607,genuine_predicted_as_forged
/kaggle/input/datasets/matteocarnebella/cedar-signatures/signatures/signatures_33/original_33_8.png,original_33_8.png,genuine,0,writer_33,writer_33_sample_8,.png,Custom_CNN,0.6029331,1,forged,False,0.6029331,genuine_predicted_as_forged
/kaggle/input/datasets/matteocarnebella/cedar-signatures/signatures/signatures_54/original_54_20.png,original_54_20.png,genuine,0,writer_54,writer_54_sample_20,.png,Custom_CNN,0.5952326,1,forged,False,0.5952326,genuine_predicted_as_forged
/kaggle/input/datasets/matteocarnebella/cedar-signatures/signatures/signatures_47/original_47_4.png,original_47_4.png,genuine,0,writer_47,writer_47_sample_4,.png,Custom_CNN,0.5933463,1,forged,False,0.5933463,genuine_predicted_as_forged
/kaggle/input/datasets/matteocarnebella/cedar-signatures/signatures/signatures_14/original_14_12.png,original_14_12.png,genuine,0,writer_14,writer_14_sample_12,.png,Custom_CNN,0.5827386,1,forged,False,0.5827386,genuine_predicted_as_forged
/kaggle/input/datasets/matteocarnebella/cedar-signatures/signatures/signatures_21/original_21_7.png,original_21_7.png,genuine,0,writer_21,writer_21_sample_7,.png,Custom_CNN,0.57409775,1,forged,False,0.57409775,genuine_predicted_as_forged
/kaggle/input/datasets/matteocarnebella/cedar-signatures/signatures/signatures_54/original_54_10.png,original_54_10.png,genuine,0,writer_54,writer_54_sample_10,.png,Custom_CNN,0.572012,1,forged,False,0.572012,genuine_predicted_as_forged
/kaggle/input/datasets/matteocarnebella/cedar-signatures/signatures/signatures_54/original_54_22.png,original_54_22.png,genuine,0,writer_54,writer_54_sample_22,.png,Custom_CNN,0.57177734,1,forged,False,0.57177734,genuine_predicted_as_forged
/kaggle/input/datasets/matteocarnebella/cedar-signatures/signatures/signatures_47/original_47_1.png,original_47_1.png,genuine,0,writer_47,writer_47_sample_1,.png,Custom_CNN,0.5700649,1,forged,False,0.5700649,genuine_predicted_as_forged
/kaggle/input/datasets/matteocarnebella/cedar-signatures/signatures/signatures_54/original_54_12.png,original_54_12.png,genuine,0,writer_54,writer_54_sample_12,.png,Custom_CNN,0.5682017,1,forged,False,0.5682017,genuine_predicted_as_forged
/kaggle/input/datasets/matteocarnebella/cedar-signatures/signatures/signatures_4/forgeries_4_7.png,forgeries_4_7.png,forged,1,writer_4,writer_4_sample_7,.png,Custom_CNN,0.4405688,0,genuine,False,0.5594312,forged_predicted_as_genuine
/kaggle/input/datasets/matteocarnebella/cedar-signatures/signatures/signatures_14/original_14_21.png,original_14_21.png,genuine,0,writer_14,writer_14_sample_21,.png,Custom_CNN,0.5560662,1,forged,False,0.5560662,genuine_predicted_as_forged
/kaggle/input/datasets/matteocarnebella/cedar-signatures/signatures/signatures_4/original_4_19.png,original_4_19.png,genuine,0,writer_4,writer_4_sample_19,.png,Custom_CNN,0.5532936,1,forged,False,0.5532936,genuine_predicted_as_forged
/kaggle/input/datasets/matteocarnebella/cedar-signatures/signatures/signatures_47/original_47_8.png,original_47_8.png,genuine,0,writer_47,writer_47_sample_8,.png,Custom_CNN,0.5525977,1,forged,False,0.5525977,genuine_predicted_as_forged
/kaggle/input/datasets/matteocarnebella/cedar-signatures/signatures/signatures_21/original_21_19.png,original_21_19.png,genuine,0,writer_21,writer_21_sample_19,.png,Custom_CNN,0.5513914,1,forged,False,0.5513914,genuine_predicted_as_forged
/kaggle/input/datasets/matteocarnebella/cedar-signatures/signatures/signatures_47/original_47_14.png,original_47_14.png,genuine,0,writer_47,writer_47_sample_14,.png,Custom_CNN,0.5483723,1,forged,False,0.5483723,genuine_predicted_as_forged
/kaggle/input/datasets/matteocarnebella/cedar-signatures/signatures/signatures_14/original_14_3.png,original_14_3.png,genuine,0,writer_14,writer_14_sample_3,.png,Custom_CNN,0.54667956,1,forged,False,0.54667956,genuine_predicted_as_forged
/kaggle/input/datasets/matteocarnebella/cedar-signatures/signatures/signatures_14/original_14_15.png,original_14_15.png,genuine,0,writer_14,writer_14_sample_15,.png,Custom_CNN,0.5461961,1,forged,False,0.5461961,genuine_predicted_as_forged
/kaggle/input/datasets/matteocarnebella/cedar-signatures/signatures/signatures_54/original_54_19.png,original_54_19.png,genuine,0,writer_54,writer_54_sample_19,.png,Custom_CNN,0.540276,1,forged,False,0.540276,genuine_predicted_as_forged
/kaggle/input/datasets/matteocarnebella/cedar-signatures/signatures/signatures_47/original_47_13.png,original_47_13.png,genuine,0,writer_47,writer_47_sample_13,.png,Custom_CNN,0.532244,1,forged,False,0.532244,genuine_predicted_as_forged
/kaggle/input/datasets/matteocarnebella/cedar-signatures/signatures/signatures_54/original_54_17.png,original_54_17.png,genuine,0,writer_54,writer_54_sample_17,.png,Custom_CNN,0.52769756,1,forged,False,0.52769756,genuine_predicted_as_forged
/kaggle/input/datasets/matteocarnebella/cedar-signatures/signatures/signatures_4/original_4_12.png,original_4_12.png,genuine,0,writer_4,writer_4_sample_12,.png,Custom_CNN,0.52509815,1,forged,False,0.52509815,genuine_predicted_as_forged
/kaggle/input/datasets/matteocarnebella/cedar-signatures/signatures/signatures_4/original_4_20.png,original_4_20.png,genuine,0,writer_4,writer_4_sample_20,.png,Custom_CNN,0.51619667,1,forged,False,0.51619667,genuine_predicted_as_forged
/kaggle/input/datasets/matteocarnebella/cedar-signatures/signatures/signatures_47/original_47_20.png,original_47_20.png,genuine,0,writer_47,writer_47_sample_20,.png,Custom_CNN,0.5120222,1,forged,False,0.5120222,genuine_predicted_as_forged
/kaggle/input/datasets/matteocarnebella/cedar-signatures/signatures/signatures_54/original_54_9.png,original_54_9.png,genuine,0,writer_54,writer_54_sample_9,.png,Custom_CNN,0.5082638,1,forged,False,0.5082638,genuine_predicted_as_forged
/kaggle/input/datasets/matteocarnebella/cedar-signatures/signatures/signatures_54/original_54_1.png,original_54_1.png,genuine,0,writer_54,writer_54_sample_1,.png,Custom_CNN,0.5042207,1,forged,False,0.5042207,genuine_predicted_as_forged
/kaggle/input/datasets/matteocarnebella/cedar-signatures/signatures/signatures_14/original_14_1.png,original_14_1.png,genuine,0,writer_14,writer_14_sample_1,.png,Custom_CNN,0.50352114,1,forged,False,0.50352114,genuine_predicted_as_forged
/kaggle/input/datasets/matteocarnebella/cedar-signatures/signatures/signatures_33/forgeries_33_9.png,forgeries_33_9.png,forged,1,writer_33,writer_33_sample_9,.png,MobileNetV2_FineTuned,0.14450064,0,genuine,False,0.8554994,forged_predicted_as_genuine
/kaggle/input/datasets/matteocarnebella/cedar-signatures/signatures/signatures_49/original_49_22.png,original_49_22.png,genuine,0,writer_49,writer_49_sample_22,.png,MobileNetV2_FineTuned,0.84520066,1,forged,False,0.84520066,genuine_predicted_as_forged
/kaggle/input/datasets/matteocarnebella/cedar-signatures/signatures/signatures_12/original_12_16.png,original_12_16.png,genuine,0,writer_12,writer_12_sample_16,.png,MobileNetV2_FineTuned,0.8432128,1,forged,False,0.8432128,genuine_predicted_as_forged
/kaggle/input/datasets/matteocarnebella/cedar-signatures/signatures/signatures_49/original_49_3.png,original_49_3.png,genuine,0,writer_49,writer_49_sample_3,.png,MobileNetV2_FineTuned,0.831994,1,forged,False,0.831994,genuine_predicted_as_forged
/kaggle/input/datasets/matteocarnebella/cedar-signatures/signatures/signatures_49/original_49_15.png,original_49_15.png,genuine,0,writer_49,writer_49_sample_15,.png,MobileNetV2_FineTuned,0.81962615,1,forged,False,0.81962615,genuine_predicted_as_forged
/kaggle/input/datasets/matteocarnebella/cedar-signatures/signatures/signatures_49/original_49_7.png,original_49_7.png,genuine,0,writer_49,writer_49_sample_7,.png,MobileNetV2_FineTuned,0.81259006,1,forged,False,0.81259006,genuine_predicted_as_forged
/kaggle/input/datasets/matteocarnebella/cedar-signatures/signatures/signatures_12/original_12_1.png,original_12_1.png,genuine,0,writer_12,writer_12_sample_1,.png,MobileNetV2_FineTuned,0.8125376,1,forged,False,0.8125376,genuine_predicted_as_forged
/kaggle/input/datasets/matteocarnebella/cedar-signatures/signatures/signatures_49/original_49_20.png,original_49_20.png,genuine,0,writer_49,writer_49_sample_20,.png,MobileNetV2_FineTuned,0.81071544,1,forged,False,0.81071544,genuine_predicted_as_forged
/kaggle/input/datasets/matteocarnebella/cedar-signatures/signatures/signatures_49/original_49_14.png,original_49_14.png,genuine,0,writer_49,writer_49_sample_14,.png,MobileNetV2_FineTuned,0.7925456,1,forged,False,0.7925456,genuine_predicted_as_forged
/kaggle/input/datasets/matteocarnebella/cedar-signatures/signatures/signatures_12/original_12_22.png,original_12_22.png,genuine,0,writer_12,writer_12_sample_22,.png,MobileNetV2_FineTuned,0.7825787,1,forged,False,0.7825787,genuine_predicted_as_forged
/kaggle/input/datasets/matteocarnebella/cedar-signatures/signatures/signatures_33/forgeries_33_11.png,forgeries_33_11.png,forged,1,writer_33,writer_33_sample_11,.png,MobileNetV2_FineTuned,0.23981333,0,genuine,False,0.7601867,forged_predicted_as_genuine
/kaggle/input/datasets/matteocarnebella/cedar-signatures/signatures/signatures_33/forgeries_33_14.png,forgeries_33_14.png,forged,1,writer_33,writer_33_sample_14,.png,MobileNetV2_FineTuned,0.2403085,0,genuine,False,0.7596915,forged_predicted_as_genuine
/kaggle/input/datasets/matteocarnebella/cedar-signatures/signatures/signatures_14/forgeries_14_24.png,forgeries_14_24.png,forged,1,writer_14,writer_14_sample_24,.png,MobileNetV2_FineTuned,0.24086723,0,genuine,False,0.75913274,forged_predicted_as_genuine
/kaggle/input/datasets/matteocarnebella/cedar-signatures/signatures/signatures_33/forgeries_33_16.png,forgeries_33_16.png,forged,1,writer_33,writer_33_sample_16,.png,MobileNetV2_FineTuned,0.24809565,0,genuine,False,0.75190437,forged_predicted_as_genuine
/kaggle/input/datasets/matteocarnebella/cedar-signatures/signatures/signatures_49/original_49_21.png,original_49_21.png,genuine,0,writer_49,writer_49_sample_21,.png,MobileNetV2_FineTuned,0.75069255,1,forged,False,0.75069255,genuine_predicted_as_forged
/kaggle/input/datasets/matteocarnebella/cedar-signatures/signatures/signatures_49/original_49_2.png,original_49_2.png,genuine,0,writer_49,writer_49_sample_2,.png,MobileNetV2_FineTuned,0.7398499,1,forged,False,0.7398499,genuine_predicted_as_forged
/kaggle/input/datasets/matteocarnebella/cedar-signatures/signatures/signatures_33/forgeries_33_15.png,forgeries_33_15.png,forged,1,writer_33,writer_33_sample_15,.png,MobileNetV2_FineTuned,0.26101953,0,genuine,False,0.7389805,forged_predicted_as_genuine
/kaggle/input/datasets/matteocarnebella/cedar-signatures/signatures/signatures_12/original_12_7.png,original_12_7.png,genuine,0,writer_12,writer_12_sample_7,.png,MobileNetV2_FineTuned,0.73802656,1,forged,False,0.73802656,genuine_predicted_as_forged
/kaggle/input/datasets/matteocarnebella/cedar-signatures/signatures/signatures_12/original_12_8.png,original_12_8.png,genuine,0,writer_12,writer_12_sample_8,.png,MobileNetV2_FineTuned,0.7249922,1,forged,False,0.7249922,genuine_predicted_as_forged
/kaggle/input/datasets/matteocarnebella/cedar-signatures/signatures/signatures_14/forgeries_14_4.png,forgeries_14_4.png,forged,1,writer_14,writer_14_sample_4,.png,MobileNetV2_FineTuned,0.28054413,0,genuine,False,0.71945584,forged_predicted_as_genuine
/kaggle/input/datasets/matteocarnebella/cedar-signatures/signatures/signatures_49/original_49_1.png,original_49_1.png,genuine,0,writer_49,writer_49_sample_1,.png,MobileNetV2_FineTuned,0.7193807,1,forged,False,0.7193807,genuine_predicted_as_forged
/kaggle/input/datasets/matteocarnebella/cedar-signatures/signatures/signatures_21/forgeries_21_21.png,forgeries_21_21.png,forged,1,writer_21,writer_21_sample_21,.png,MobileNetV2_FineTuned,0.28120607,0,genuine,False,0.7187939,forged_predicted_as_genuine
/kaggle/input/datasets/matteocarnebella/cedar-signatures/signatures/signatures_49/original_49_4.png,original_49_4.png,genuine,0,writer_49,writer_49_sample_4,.png,MobileNetV2_FineTuned,0.71412146,1,forged,False,0.71412146,genuine_predicted_as_forged
/kaggle/input/datasets/matteocarnebella/cedar-signatures/signatures/signatures_12/original_12_6.png,original_12_6.png,genuine,0,writer_12,writer_12_sample_6,.png,MobileNetV2_FineTuned,0.71343446,1,forged,False,0.71343446,genuine_predicted_as_forged
/kaggle/input/datasets/matteocarnebella/cedar-signatures/signatures/signatures_33/forgeries_33_5.png,forgeries_33_5.png,forged,1,writer_33,writer_33_sample_5,.png,MobileNetV2_FineTuned,0.28711343,0,genuine,False,0.7128866,forged_predicted_as_genuine
/kaggle/input/datasets/matteocarnebella/cedar-signatures/signatures/signatures_47/original_47_21.png,original_47_21.png,genuine,0,writer_47,writer_47_sample_21,.png,MobileNetV2_FineTuned,0.71190834,1,forged,False,0.71190834,genuine_predicted_as_forged
/kaggle/input/datasets/matteocarnebella/cedar-signatures/signatures/signatures_4/forgeries_4_18.png,forgeries_4_18.png,forged,1,writer_4,writer_4_sample_18,.png,MobileNetV2_FineTuned,0.2903942,0,genuine,False,0.7096058,forged_predicted_as_genuine
/kaggle/input/datasets/matteocarnebella/cedar-signatures/signatures/signatures_49/original_49_19.png,original_49_19.png,genuine,0,writer_49,writer_49_sample_19,.png,MobileNetV2_FineTuned,0.70927787,1,forged,False,0.70927787,genuine_predicted_as_forged
/kaggle/input/datasets/matteocarnebella/cedar-signatures/signatures/signatures_33/forgeries_33_18.png,forgeries_33_18.png,forged,1,writer_33,writer_33_sample_18,.png,MobileNetV2_FineTuned,0.2958501,0,genuine,False,0.7041499,forged_predicted_as_genuine
/kaggle/input/datasets/matteocarnebella/cedar-signatures/signatures/signatures_33/forgeries_33_24.png,forgeries_33_24.png,forged,1,writer_33,writer_33_sample_24,.png,MobileNetV2_FineTuned,0.29969278,0,genuine,False,0.70030725,forged_predicted_as_genuine
/kaggle/input/datasets/matteocarnebella/cedar-signatures/signatures/signatures_14/forgeries_14_14.png,forgeries_14_14.png,forged,1,writer_14,writer_14_sample_14,.png,MobileNetV2_FineTuned,0.30005908,0,genuine,False,0.6999409,forged_predicted_as_genuine
/kaggle/input/datasets/matteocarnebella/cedar-signatures/signatures/signatures_49/original_49_6.png,original_49_6.png,genuine,0,writer_49,writer_49_sample_6,.png,MobileNetV2_FineTuned,0.69679725,1,forged,False,0.69679725,genuine_predicted_as_forged
/kaggle/input/datasets/matteocarnebella/cedar-signatures/signatures/signatures_49/original_49_9.png,original_49_9.png,genuine,0,writer_49,writer_49_sample_9,.png,MobileNetV2_FineTuned,0.6954727,1,forged,False,0.6954727,genuine_predicted_as_forged
/kaggle/input/datasets/matteocarnebella/cedar-signatures/signatures/signatures_49/original_49_5.png,original_49_5.png,genuine,0,writer_49,writer_49_sample_5,.png,MobileNetV2_FineTuned,0.6942404,1,forged,False,0.6942404,genuine_predicted_as_forged
/kaggle/input/datasets/matteocarnebella/cedar-signatures/signatures/signatures_49/original_49_16.png,original_49_16.png,genuine,0,writer_49,writer_49_sample_16,.png,MobileNetV2_FineTuned,0.6939632,1,forged,False,0.6939632,genuine_predicted_as_forged
/kaggle/input/datasets/matteocarnebella/cedar-signatures/signatures/signatures_49/original_49_17.png,original_49_17.png,genuine,0,writer_49,writer_49_sample_17,.png,MobileNetV2_FineTuned,0.69324297,1,forged,False,0.69324297,genuine_predicted_as_forged
/kaggle/input/datasets/matteocarnebella/cedar-signatures/signatures/signatures_4/forgeries_4_10.png,forgeries_4_10.png,forged,1,writer_4,writer_4_sample_10,.png,MobileNetV2_FineTuned,0.30750236,0,genuine,False,0.6924976,forged_predicted_as_genuine
/kaggle/input/datasets/matteocarnebella/cedar-signatures/signatures/signatures_21/forgeries_21_6.png,forgeries_21_6.png,forged,1,writer_21,writer_21_sample_6,.png,MobileNetV2_FineTuned,0.308322,0,genuine,False,0.691678,forged_predicted_as_genuine
/kaggle/input/datasets/matteocarnebella/cedar-signatures/signatures/signatures_14/forgeries_14_1.png,forgeries_14_1.png,forged,1,writer_14,writer_14_sample_1,.png,MobileNetV2_FineTuned,0.31378898,0,genuine,False,0.686211,forged_predicted_as_genuine
/kaggle/input/datasets/matteocarnebella/cedar-signatures/signatures/signatures_33/forgeries_33_21.png,forgeries_33_21.png,forged,1,writer_33,writer_33_sample_21,.png,MobileNetV2_FineTuned,0.32264805,0,genuine,False,0.67735195,forged_predicted_as_genuine
/kaggle/input/datasets/matteocarnebella/cedar-signatures/signatures/signatures_12/original_12_2.png,original_12_2.png,genuine,0,writer_12,writer_12_sample_2,.png,MobileNetV2_FineTuned,0.6748868,1,forged,False,0.6748868,genuine_predicted_as_forged
/kaggle/input/datasets/matteocarnebella/cedar-signatures/signatures/signatures_14/forgeries_14_19.png,forgeries_14_19.png,forged,1,writer_14,writer_14_sample_19,.png,MobileNetV2_FineTuned,0.32679173,0,genuine,False,0.67320824,forged_predicted_as_genuine
/kaggle/input/datasets/matteocarnebella/cedar-signatures/signatures/signatures_49/original_49_18.png,original_49_18.png,genuine,0,writer_49,writer_49_sample_18,.png,MobileNetV2_FineTuned,0.66749436,1,forged,False,0.66749436,genuine_predicted_as_forged
/kaggle/input/datasets/matteocarnebella/cedar-signatures/signatures/signatures_33/forgeries_33_2.png,forgeries_33_2.png,forged,1,writer_33,writer_33_sample_2,.png,MobileNetV2_FineTuned,0.33253178,0,genuine,False,0.6674682,forged_predicted_as_genuine
/kaggle/input/datasets/matteocarnebella/cedar-signatures/signatures/signatures_33/forgeries_33_17.png,forgeries_33_17.png,forged,1,writer_33,writer_33_sample_17,.png,MobileNetV2_FineTuned,0.33276466,0,genuine,False,0.6672354,forged_predicted_as_genuine
/kaggle/input/datasets/matteocarnebella/cedar-signatures/signatures/signatures_33/forgeries_33_7.png,forgeries_33_7.png,forged,1,writer_33,writer_33_sample_7,.png,MobileNetV2_FineTuned,0.3465329,0,genuine,False,0.65346706,forged_predicted_as_genuine
/kaggle/input/datasets/matteocarnebella/cedar-signatures/signatures/signatures_12/original_12_12.png,original_12_12.png,genuine,0,writer_12,writer_12_sample_12,.png,MobileNetV2_FineTuned,0.6457048,1,forged,False,0.6457048,genuine_predicted_as_forged
/kaggle/input/datasets/matteocarnebella/cedar-signatures/signatures/signatures_12/original_12_17.png,original_12_17.png,genuine,0,writer_12,writer_12_sample_17,.png,MobileNetV2_FineTuned,0.6441758,1,forged,False,0.6441758,genuine_predicted_as_forged
/kaggle/input/datasets/matteocarnebella/cedar-signatures/signatures/signatures_4/original_4_12.png,original_4_12.png,genuine,0,writer_4,writer_4_sample_12,.png,MobileNetV2_FineTuned,0.64337045,1,forged,False,0.64337045,genuine_predicted_as_forged
/kaggle/input/datasets/matteocarnebella/cedar-signatures/signatures/signatures_33/forgeries_33_20.png,forgeries_33_20.png,forged,1,writer_33,writer_33_sample_20,.png,MobileNetV2_FineTuned,0.35668734,0,genuine,False,0.6433127,forged_predicted_as_genuine
/kaggle/input/datasets/matteocarnebella/cedar-signatures/signatures/signatures_33/forgeries_33_6.png,forgeries_33_6.png,forged,1,writer_33,writer_33_sample_6,.png,MobileNetV2_FineTuned,0.3605786,0,genuine,False,0.6394214,forged_predicted_as_genuine
/kaggle/input/datasets/matteocarnebella/cedar-signatures/signatures/signatures_49/original_49_23.png,original_49_23.png,genuine,0,writer_49,writer_49_sample_23,.png,MobileNetV2_FineTuned,0.63831973,1,forged,False,0.63831973,genuine_predicted_as_forged
/kaggle/input/datasets/matteocarnebella/cedar-signatures/signatures/signatures_14/forgeries_14_20.png,forgeries_14_20.png,forged,1,writer_14,writer_14_sample_20,.png,MobileNetV2_FineTuned,0.36360654,0,genuine,False,0.6363934,forged_predicted_as_genuine
/kaggle/input/datasets/matteocarnebella/cedar-signatures/signatures/signatures_12/original_12_19.png,original_12_19.png,genuine,0,writer_12,writer_12_sample_19,.png,MobileNetV2_FineTuned,0.63342965,1,forged,False,0.63342965,genuine_predicted_as_forged
/kaggle/input/datasets/matteocarnebella/cedar-signatures/signatures/signatures_49/original_49_8.png,original_49_8.png,genuine,0,writer_49,writer_49_sample_8,.png,MobileNetV2_FineTuned,0.6292067,1,forged,False,0.6292067,genuine_predicted_as_forged
/kaggle/input/datasets/matteocarnebella/cedar-signatures/signatures/signatures_21/forgeries_21_7.png,forgeries_21_7.png,forged,1,writer_21,writer_21_sample_7,.png,MobileNetV2_FineTuned,0.37176153,0,genuine,False,0.62823844,forged_predicted_as_genuine
/kaggle/input/datasets/matteocarnebella/cedar-signatures/signatures/signatures_49/original_49_11.png,original_49_11.png,genuine,0,writer_49,writer_49_sample_11,.png,MobileNetV2_FineTuned,0.62422,1,forged,False,0.62422,genuine_predicted_as_forged
/kaggle/input/datasets/matteocarnebella/cedar-signatures/signatures/signatures_12/original_12_15.png,original_12_15.png,genuine,0,writer_12,writer_12_sample_15,.png,MobileNetV2_FineTuned,0.62393117,1,forged,False,0.62393117,genuine_predicted_as_forged
/kaggle/input/datasets/matteocarnebella/cedar-signatures/signatures/signatures_33/forgeries_33_13.png,forgeries_33_13.png,forged,1,writer_33,writer_33_sample_13,.png,MobileNetV2_FineTuned,0.37816817,0,genuine,False,0.62183183,forged_predicted_as_genuine
/kaggle/input/datasets/matteocarnebella/cedar-signatures/signatures/signatures_4/forgeries_4_20.png,forgeries_4_20.png,forged,1,writer_4,writer_4_sample_20,.png,MobileNetV2_FineTuned,0.3844247,0,genuine,False,0.6155753,forged_predicted_as_genuine
/kaggle/input/datasets/matteocarnebella/cedar-signatures/signatures/signatures_4/forgeries_4_8.png,forgeries_4_8.png,forged,1,writer_4,writer_4_sample_8,.png,MobileNetV2_FineTuned,0.38558984,0,genuine,False,0.61441016,forged_predicted_as_genuine
/kaggle/input/datasets/matteocarnebella/cedar-signatures/signatures/signatures_54/forgeries_54_8.png,forgeries_54_8.png,forged,1,writer_54,writer_54_sample_8,.png,MobileNetV2_FineTuned,0.38785163,0,genuine,False,0.6121484,forged_predicted_as_genuine
/kaggle/input/datasets/matteocarnebella/cedar-signatures/signatures/signatures_49/original_49_13.png,original_49_13.png,genuine,0,writer_49,writer_49_sample_13,.png,MobileNetV2_FineTuned,0.6112732,1,forged,False,0.6112732,genuine_predicted_as_forged
/kaggle/input/datasets/matteocarnebella/cedar-signatures/signatures/signatures_49/original_49_10.png,original_49_10.png,genuine,0,writer_49,writer_49_sample_10,.png,MobileNetV2_FineTuned,0.60570276,1,forged,False,0.60570276,genuine_predicted_as_forged
/kaggle/input/datasets/matteocarnebella/cedar-signatures/signatures/signatures_33/forgeries_33_23.png,forgeries_33_23.png,forged,1,writer_33,writer_33_sample_23,.png,MobileNetV2_FineTuned,0.39480612,0,genuine,False,0.60519385,forged_predicted_as_genuine
/kaggle/input/datasets/matteocarnebella/cedar-signatures/signatures/signatures_49/original_49_24.png,original_49_24.png,genuine,0,writer_49,writer_49_sample_24,.png,MobileNetV2_FineTuned,0.59540236,1,forged,False,0.59540236,genuine_predicted_as_forged
/kaggle/input/datasets/matteocarnebella/cedar-signatures/signatures/signatures_33/forgeries_33_19.png,forgeries_33_19.png,forged,1,writer_33,writer_33_sample_19,.png,MobileNetV2_FineTuned,0.40666977,0,genuine,False,0.59333026,forged_predicted_as_genuine
/kaggle/input/datasets/matteocarnebella/cedar-signatures/signatures/signatures_4/forgeries_4_23.png,forgeries_4_23.png,forged,1,writer_4,writer_4_sample_23,.png,MobileNetV2_FineTuned,0.41068345,0,genuine,False,0.58931655,forged_predicted_as_genuine
/kaggle/input/datasets/matteocarnebella/cedar-signatures/signatures/signatures_49/original_49_12.png,original_49_12.png,genuine,0,writer_49,writer_49_sample_12,.png,MobileNetV2_FineTuned,0.5889311,1,forged,False,0.5889311,genuine_predicted_as_forged
/kaggle/input/datasets/matteocarnebella/cedar-signatures/signatures/signatures_12/original_12_20.png,original_12_20.png,genuine,0,writer_12,writer_12_sample_20,.png,MobileNetV2_FineTuned,0.5817654,1,forged,False,0.5817654,genuine_predicted_as_forged
/kaggle/input/datasets/matteocarnebella/cedar-signatures/signatures/signatures_4/original_4_5.png,original_4_5.png,genuine,0,writer_4,writer_4_sample_5,.png,MobileNetV2_FineTuned,0.5815199,1,forged,False,0.5815199,genuine_predicted_as_forged
/kaggle/input/datasets/matteocarnebella/cedar-signatures/signatures/signatures_4/forgeries_4_7.png,forgeries_4_7.png,forged,1,writer_4,writer_4_sample_7,.png,MobileNetV2_FineTuned,0.42159206,0,genuine,False,0.57840794,forged_predicted_as_genuine
/kaggle/input/datasets/matteocarnebella/cedar-signatures/signatures/signatures_14/forgeries_14_6.png,forgeries_14_6.png,forged,1,writer_14,writer_14_sample_6,.png,MobileNetV2_FineTuned,0.4233385,0,genuine,False,0.57666147,forged_predicted_as_genuine
/kaggle/input/datasets/matteocarnebella/cedar-signatures/signatures/signatures_21/forgeries_21_17.png,forgeries_21_17.png,forged,1,writer_21,writer_21_sample_17,.png,MobileNetV2_FineTuned,0.42397586,0,genuine,False,0.5760242,forged_predicted_as_genuine
/kaggle/input/datasets/matteocarnebella/cedar-signatures/signatures/signatures_33/forgeries_33_1.png,forgeries_33_1.png,forged,1,writer_33,writer_33_sample_1,.png,MobileNetV2_FineTuned,0.42507946,0,genuine,False,0.57492054,forged_predicted_as_genuine
/kaggle/input/datasets/matteocarnebella/cedar-signatures/signatures/signatures_54/forgeries_54_15.png,forgeries_54_15.png,forged,1,writer_54,writer_54_sample_15,.png,MobileNetV2_FineTuned,0.43488297,0,genuine,False,0.565117,forged_predicted_as_genuine
/kaggle/input/datasets/matteocarnebella/cedar-signatures/signatures/signatures_33/forgeries_33_3.png,forgeries_33_3.png,forged,1,writer_33,writer_33_sample_3,.png,MobileNetV2_FineTuned,0.4367812,0,genuine,False,0.56321883,forged_predicted_as_genuine
/kaggle/input/datasets/matteocarnebella/cedar-signatures/signatures/signatures_47/original_47_5.png,original_47_5.png,genuine,0,writer_47,writer_47_sample_5,.png,MobileNetV2_FineTuned,0.5629411,1,forged,False,0.5629411,genuine_predicted_as_forged
/kaggle/input/datasets/matteocarnebella/cedar-signatures/signatures/signatures_54/original_54_19.png,original_54_19.png,genuine,0,writer_54,writer_54_sample_19,.png,MobileNetV2_FineTuned,0.562606,1,forged,False,0.562606,genuine_predicted_as_forged
/kaggle/input/datasets/matteocarnebella/cedar-signatures/signatures/signatures_54/original_54_11.png,original_54_11.png,genuine,0,writer_54,writer_54_sample_11,.png,MobileNetV2_FineTuned,0.5605683,1,forged,False,0.5605683,genuine_predicted_as_forged
/kaggle/input/datasets/matteocarnebella/cedar-signatures/signatures/signatures_14/forgeries_14_7.png,forgeries_14_7.png,forged,1,writer_14,writer_14_sample_7,.png,MobileNetV2_FineTuned,0.4427979,0,genuine,False,0.5572021,forged_predicted_as_genuine
/kaggle/input/datasets/matteocarnebella/cedar-signatures/signatures/signatures_33/forgeries_33_8.png,forgeries_33_8.png,forged,1,writer_33,writer_33_sample_8,.png,MobileNetV2_FineTuned,0.44371802,0,genuine,False,0.556282,forged_predicted_as_genuine
/kaggle/input/datasets/matteocarnebella/cedar-signatures/signatures/signatures_14/forgeries_14_22.png,forgeries_14_22.png,forged,1,writer_14,writer_14_sample_22,.png,MobileNetV2_FineTuned,0.44953284,0,genuine,False,0.55046713,forged_predicted_as_genuine
/kaggle/input/datasets/matteocarnebella/cedar-signatures/signatures/signatures_14/forgeries_14_9.png,forgeries_14_9.png,forged,1,writer_14,writer_14_sample_9,.png,MobileNetV2_FineTuned,0.45051628,0,genuine,False,0.5494837,forged_predicted_as_genuine
/kaggle/input/datasets/matteocarnebella/cedar-signatures/signatures/signatures_4/forgeries_4_4.png,forgeries_4_4.png,forged,1,writer_4,writer_4_sample_4,.png,MobileNetV2_FineTuned,0.45099965,0,genuine,False,0.5490004,forged_predicted_as_genuine
/kaggle/input/datasets/matteocarnebella/cedar-signatures/signatures/signatures_4/forgeries_4_21.png,forgeries_4_21.png,forged,1,writer_4,writer_4_sample_21,.png,MobileNetV2_FineTuned,0.45436585,0,genuine,False,0.54563415,forged_predicted_as_genuine
/kaggle/input/datasets/matteocarnebella/cedar-signatures/signatures/signatures_4/forgeries_4_9.png,forgeries_4_9.png,forged,1,writer_4,writer_4_sample_9,.png,MobileNetV2_FineTuned,0.4547823,0,genuine,False,0.5452177,forged_predicted_as_genuine
/kaggle/input/datasets/matteocarnebella/cedar-signatures/signatures/signatures_33/forgeries_33_4.png,forgeries_33_4.png,forged,1,writer_33,writer_33_sample_4,.png,MobileNetV2_FineTuned,0.45804757,0,genuine,False,0.54195243,forged_predicted_as_genuine
/kaggle/input/datasets/matteocarnebella/cedar-signatures/signatures/signatures_12/original_12_24.png,original_12_24.png,genuine,0,writer_12,writer_12_sample_24,.png,MobileNetV2_FineTuned,0.5412401,1,forged,False,0.5412401,genuine_predicted_as_forged
/kaggle/input/datasets/matteocarnebella/cedar-signatures/signatures/signatures_4/forgeries_4_3.png,forgeries_4_3.png,forged,1,writer_4,writer_4_sample_3,.png,MobileNetV2_FineTuned,0.46219566,0,genuine,False,0.53780437,forged_predicted_as_genuine
/kaggle/input/datasets/matteocarnebella/cedar-signatures/signatures/signatures_54/forgeries_54_16.png,forgeries_54_16.png,forged,1,writer_54,writer_54_sample_16,.png,MobileNetV2_FineTuned,0.4662891,0,genuine,False,0.5337109,forged_predicted_as_genuine
/kaggle/input/datasets/matteocarnebella/cedar-signatures/signatures/signatures_14/forgeries_14_5.png,forgeries_14_5.png,forged,1,writer_14,writer_14_sample_5,.png,MobileNetV2_FineTuned,0.46780506,0,genuine,False,0.532195,forged_predicted_as_genuine
/kaggle/input/datasets/matteocarnebella/cedar-signatures/signatures/signatures_21/forgeries_21_10.png,forgeries_21_10.png,forged,1,writer_21,writer_21_sample_10,.png,MobileNetV2_FineTuned,0.46812463,0,genuine,False,0.5318754,forged_predicted_as_genuine
/kaggle/input/datasets/matteocarnebella/cedar-signatures/signatures/signatures_21/forgeries_21_18.png,forgeries_21_18.png,forged,1,writer_21,writer_21_sample_18,.png,MobileNetV2_FineTuned,0.46823302,0,genuine,False,0.531767,forged_predicted_as_genuine
/kaggle/input/datasets/matteocarnebella/cedar-signatures/signatures/signatures_33/forgeries_33_22.png,forgeries_33_22.png,forged,1,writer_33,writer_33_sample_22,.png,MobileNetV2_FineTuned,0.4685457,0,genuine,False,0.5314543,forged_predicted_as_genuine
/kaggle/input/datasets/matteocarnebella/cedar-signatures/signatures/signatures_12/original_12_11.png,original_12_11.png,genuine,0,writer_12,writer_12_sample_11,.png,MobileNetV2_FineTuned,0.5312609,1,forged,False,0.5312609,genuine_predicted_as_forged
/kaggle/input/datasets/matteocarnebella/cedar-signatures/signatures/signatures_21/forgeries_21_16.png,forgeries_21_16.png,forged,1,writer_21,writer_21_sample_16,.png,MobileNetV2_FineTuned,0.4698812,0,genuine,False,0.5301188,forged_predicted_as_genuine
/kaggle/input/datasets/matteocarnebella/cedar-signatures/signatures/signatures_54/original_54_18.png,original_54_18.png,genuine,0,writer_54,writer_54_sample_18,.png,MobileNetV2_FineTuned,0.5278498,1,forged,False,0.5278498,genuine_predicted_as_forged
/kaggle/input/datasets/matteocarnebella/cedar-signatures/signatures/signatures_12/original_12_9.png,original_12_9.png,genuine,0,writer_12,writer_12_sample_9,.png,MobileNetV2_FineTuned,0.5271484,1,forged,False,0.5271484,genuine_predicted_as_forged
/kaggle/input/datasets/matteocarnebella/cedar-signatures/signatures/signatures_14/forgeries_14_21.png,forgeries_14_21.png,forged,1,writer_14,writer_14_sample_21,.png,MobileNetV2_FineTuned,0.47567615,0,genuine,False,0.5243238,forged_predicted_as_genuine
/kaggle/input/datasets/matteocarnebella/cedar-signatures/signatures/signatures_21/forgeries_21_9.png,forgeries_21_9.png,forged,1,writer_21,writer_21_sample_9,.png,MobileNetV2_FineTuned,0.47734973,0,genuine,False,0.52265024,forged_predicted_as_genuine
/kaggle/input/datasets/matteocarnebella/cedar-signatures/signatures/signatures_21/forgeries_21_4.png,forgeries_21_4.png,forged,1,writer_21,writer_21_sample_4,.png,MobileNetV2_FineTuned,0.48240343,0,genuine,False,0.5175966,forged_predicted_as_genuine
/kaggle/input/datasets/matteocarnebella/cedar-signatures/signatures/signatures_33/forgeries_33_10.png,forgeries_33_10.png,forged,1,writer_33,writer_33_sample_10,.png,MobileNetV2_FineTuned,0.48274085,0,genuine,False,0.5172591,forged_predicted_as_genuine
/kaggle/input/datasets/matteocarnebella/cedar-signatures/signatures/signatures_54/forgeries_54_23.png,forgeries_54_23.png,forged,1,writer_54,writer_54_sample_23,.png,MobileNetV2_FineTuned,0.48687053,0,genuine,False,0.5131295,forged_predicted_as_genuine
/kaggle/input/datasets/matteocarnebella/cedar-signatures/signatures/signatures_54/forgeries_54_24.png,forgeries_54_24.png,forged,1,writer_54,writer_54_sample_24,.png,MobileNetV2_FineTuned,0.48739976,0,genuine,False,0.51260024,forged_predicted_as_genuine
/kaggle/input/datasets/matteocarnebella/cedar-signatures/signatures/signatures_4/forgeries_4_15.png,forgeries_4_15.png,forged,1,writer_4,writer_4_sample_15,.png,MobileNetV2_FineTuned,0.48787758,0,genuine,False,0.5121224,forged_predicted_as_genuine
/kaggle/input/datasets/matteocarnebella/cedar-signatures/signatures/signatures_47/original_47_22.png,original_47_22.png,genuine,0,writer_47,writer_47_sample_22,.png,MobileNetV2_FineTuned,0.5120567,1,forged,False,0.5120567,genuine_predicted_as_forged
/kaggle/input/datasets/matteocarnebella/cedar-signatures/signatures/signatures_14/forgeries_14_13.png,forgeries_14_13.png,forged,1,writer_14,writer_14_sample_13,.png,MobileNetV2_FineTuned,0.4897127,0,genuine,False,0.5102873,forged_predicted_as_genuine
/kaggle/input/datasets/matteocarnebella/cedar-signatures/signatures/signatures_12/original_12_5.png,original_12_5.png,genuine,0,writer_12,writer_12_sample_5,.png,MobileNetV2_FineTuned,0.50700444,1,forged,False,0.50700444,genuine_predicted_as_forged
/kaggle/input/datasets/matteocarnebella/cedar-signatures/signatures/signatures_14/forgeries_14_15.png,forgeries_14_15.png,forged,1,writer_14,writer_14_sample_15,.png,MobileNetV2_FineTuned,0.49601725,0,genuine,False,0.5039828,forged_predicted_as_genuine
/kaggle/input/datasets/matteocarnebella/cedar-signatures/signatures/signatures_47/original_47_1.png,original_47_1.png,genuine,0,writer_47,writer_47_sample_1,.png,MobileNetV2_FineTuned,0.50365317,1,forged,False,0.50365317,genuine_predicted_as_forged
/kaggle/input/datasets/matteocarnebella/cedar-signatures/signatures/signatures_12/original_12_23.png,original_12_23.png,genuine,0,writer_12,writer_12_sample_23,.png,MobileNetV2_FineTuned,0.50316834,1,forged,False,0.50316834,genuine_predicted_as_forged
/kaggle/input/datasets/matteocarnebella/cedar-signatures/signatures/signatures_54/forgeries_54_9.png,forgeries_54_9.png,forged,1,writer_54,writer_54_sample_9,.png,ResNet50_FineTuned,0.034617648,0,genuine,False,0.96538234,forged_predicted_as_genuine
/kaggle/input/datasets/matteocarnebella/cedar-signatures/signatures/signatures_14/forgeries_14_22.png,forgeries_14_22.png,forged,1,writer_14,writer_14_sample_22,.png,ResNet50_FineTuned,0.0773416,0,genuine,False,0.9226584,forged_predicted_as_genuine
/kaggle/input/datasets/matteocarnebella/cedar-signatures/signatures/signatures_33/forgeries_33_18.png,forgeries_33_18.png,forged,1,writer_33,writer_33_sample_18,.png,ResNet50_FineTuned,0.07987336,0,genuine,False,0.9201266,forged_predicted_as_genuine
/kaggle/input/datasets/matteocarnebella/cedar-signatures/signatures/signatures_54/forgeries_54_15.png,forgeries_54_15.png,forged,1,writer_54,writer_54_sample_15,.png,ResNet50_FineTuned,0.1035061,0,genuine,False,0.8964939,forged_predicted_as_genuine
/kaggle/input/datasets/matteocarnebella/cedar-signatures/signatures/signatures_54/forgeries_54_16.png,forgeries_54_16.png,forged,1,writer_54,writer_54_sample_16,.png,ResNet50_FineTuned,0.10580377,0,genuine,False,0.8941962,forged_predicted_as_genuine
/kaggle/input/datasets/matteocarnebella/cedar-signatures/signatures/signatures_14/forgeries_14_21.png,forgeries_14_21.png,forged,1,writer_14,writer_14_sample_21,.png,ResNet50_FineTuned,0.11093114,0,genuine,False,0.88906884,forged_predicted_as_genuine
/kaggle/input/datasets/matteocarnebella/cedar-signatures/signatures/signatures_33/forgeries_33_16.png,forgeries_33_16.png,forged,1,writer_33,writer_33_sample_16,.png,ResNet50_FineTuned,0.11511865,0,genuine,False,0.8848814,forged_predicted_as_genuine
/kaggle/input/datasets/matteocarnebella/cedar-signatures/signatures/signatures_54/forgeries_54_10.png,forgeries_54_10.png,forged,1,writer_54,writer_54_sample_10,.png,ResNet50_FineTuned,0.116795264,0,genuine,False,0.88320476,forged_predicted_as_genuine
/kaggle/input/datasets/matteocarnebella/cedar-signatures/signatures/signatures_54/forgeries_54_13.png,forgeries_54_13.png,forged,1,writer_54,writer_54_sample_13,.png,ResNet50_FineTuned,0.12628496,0,genuine,False,0.87371504,forged_predicted_as_genuine
/kaggle/input/datasets/matteocarnebella/cedar-signatures/signatures/signatures_14/forgeries_14_16.png,forgeries_14_16.png,forged,1,writer_14,writer_14_sample_16,.png,ResNet50_FineTuned,0.14092484,0,genuine,False,0.8590752,forged_predicted_as_genuine
/kaggle/input/datasets/matteocarnebella/cedar-signatures/signatures/signatures_54/forgeries_54_8.png,forgeries_54_8.png,forged,1,writer_54,writer_54_sample_8,.png,ResNet50_FineTuned,0.14782044,0,genuine,False,0.8521795,forged_predicted_as_genuine
/kaggle/input/datasets/matteocarnebella/cedar-signatures/signatures/signatures_54/forgeries_54_23.png,forgeries_54_23.png,forged,1,writer_54,writer_54_sample_23,.png,ResNet50_FineTuned,0.15730308,0,genuine,False,0.8426969,forged_predicted_as_genuine
/kaggle/input/datasets/matteocarnebella/cedar-signatures/signatures/signatures_54/forgeries_54_24.png,forgeries_54_24.png,forged,1,writer_54,writer_54_sample_24,.png,ResNet50_FineTuned,0.18194787,0,genuine,False,0.8180521,forged_predicted_as_genuine
/kaggle/input/datasets/matteocarnebella/cedar-signatures/signatures/signatures_54/forgeries_54_21.png,forgeries_54_21.png,forged,1,writer_54,writer_54_sample_21,.png,ResNet50_FineTuned,0.18393014,0,genuine,False,0.81606984,forged_predicted_as_genuine
/kaggle/input/datasets/matteocarnebella/cedar-signatures/signatures/signatures_14/forgeries_14_23.png,forgeries_14_23.png,forged,1,writer_14,writer_14_sample_23,.png,ResNet50_FineTuned,0.19189778,0,genuine,False,0.80810225,forged_predicted_as_genuine
/kaggle/input/datasets/matteocarnebella/cedar-signatures/signatures/signatures_33/forgeries_33_15.png,forgeries_33_15.png,forged,1,writer_33,writer_33_sample_15,.png,ResNet50_FineTuned,0.19418293,0,genuine,False,0.80581707,forged_predicted_as_genuine
/kaggle/input/datasets/matteocarnebella/cedar-signatures/signatures/signatures_54/forgeries_54_22.png,forgeries_54_22.png,forged,1,writer_54,writer_54_sample_22,.png,ResNet50_FineTuned,0.19533603,0,genuine,False,0.80466396,forged_predicted_as_genuine
/kaggle/input/datasets/matteocarnebella/cedar-signatures/signatures/signatures_33/forgeries_33_13.png,forgeries_33_13.png,forged,1,writer_33,writer_33_sample_13,.png,ResNet50_FineTuned,0.20653532,0,genuine,False,0.79346466,forged_predicted_as_genuine
/kaggle/input/datasets/matteocarnebella/cedar-signatures/signatures/signatures_14/forgeries_14_15.png,forgeries_14_15.png,forged,1,writer_14,writer_14_sample_15,.png,ResNet50_FineTuned,0.20776004,0,genuine,False,0.79223996,forged_predicted_as_genuine
/kaggle/input/datasets/matteocarnebella/cedar-signatures/signatures/signatures_4/forgeries_4_4.png,forgeries_4_4.png,forged,1,writer_4,writer_4_sample_4,.png,ResNet50_FineTuned,0.21870603,0,genuine,False,0.781294,forged_predicted_as_genuine
/kaggle/input/datasets/matteocarnebella/cedar-signatures/signatures/signatures_4/forgeries_4_20.png,forgeries_4_20.png,forged,1,writer_4,writer_4_sample_20,.png,ResNet50_FineTuned,0.22041485,0,genuine,False,0.7795851,forged_predicted_as_genuine
/kaggle/input/datasets/matteocarnebella/cedar-signatures/signatures/signatures_54/forgeries_54_5.png,forgeries_54_5.png,forged,1,writer_54,writer_54_sample_5,.png,ResNet50_FineTuned,0.22170135,0,genuine,False,0.7782986,forged_predicted_as_genuine
/kaggle/input/datasets/matteocarnebella/cedar-signatures/signatures/signatures_47/forgeries_47_7.png,forgeries_47_7.png,forged,1,writer_47,writer_47_sample_7,.png,ResNet50_FineTuned,0.23816799,0,genuine,False,0.761832,forged_predicted_as_genuine
/kaggle/input/datasets/matteocarnebella/cedar-signatures/signatures/signatures_33/forgeries_33_24.png,forgeries_33_24.png,forged,1,writer_33,writer_33_sample_24,.png,ResNet50_FineTuned,0.23978166,0,genuine,False,0.7602183,forged_predicted_as_genuine
/kaggle/input/datasets/matteocarnebella/cedar-signatures/signatures/signatures_4/forgeries_4_9.png,forgeries_4_9.png,forged,1,writer_4,writer_4_sample_9,.png,ResNet50_FineTuned,0.25000536,0,genuine,False,0.74999464,forged_predicted_as_genuine
/kaggle/input/datasets/matteocarnebella/cedar-signatures/signatures/signatures_54/forgeries_54_6.png,forgeries_54_6.png,forged,1,writer_54,writer_54_sample_6,.png,ResNet50_FineTuned,0.2529685,0,genuine,False,0.7470315,forged_predicted_as_genuine
/kaggle/input/datasets/matteocarnebella/cedar-signatures/signatures/signatures_14/forgeries_14_24.png,forgeries_14_24.png,forged,1,writer_14,writer_14_sample_24,.png,ResNet50_FineTuned,0.2612447,0,genuine,False,0.7387553,forged_predicted_as_genuine
/kaggle/input/datasets/matteocarnebella/cedar-signatures/signatures/signatures_14/forgeries_14_13.png,forgeries_14_13.png,forged,1,writer_14,writer_14_sample_13,.png,ResNet50_FineTuned,0.26798674,0,genuine,False,0.7320132,forged_predicted_as_genuine
/kaggle/input/datasets/matteocarnebella/cedar-signatures/signatures/signatures_54/forgeries_54_4.png,forgeries_54_4.png,forged,1,writer_54,writer_54_sample_4,.png,ResNet50_FineTuned,0.2714983,0,genuine,False,0.7285017,forged_predicted_as_genuine
/kaggle/input/datasets/matteocarnebella/cedar-signatures/signatures/signatures_4/forgeries_4_3.png,forgeries_4_3.png,forged,1,writer_4,writer_4_sample_3,.png,ResNet50_FineTuned,0.27350152,0,genuine,False,0.7264985,forged_predicted_as_genuine
/kaggle/input/datasets/matteocarnebella/cedar-signatures/signatures/signatures_4/forgeries_4_12.png,forgeries_4_12.png,forged,1,writer_4,writer_4_sample_12,.png,ResNet50_FineTuned,0.27489373,0,genuine,False,0.72510624,forged_predicted_as_genuine
/kaggle/input/datasets/matteocarnebella/cedar-signatures/signatures/signatures_21/forgeries_21_22.png,forgeries_21_22.png,forged,1,writer_21,writer_21_sample_22,.png,ResNet50_FineTuned,0.2784836,0,genuine,False,0.7215164,forged_predicted_as_genuine
/kaggle/input/datasets/matteocarnebella/cedar-signatures/signatures/signatures_4/forgeries_4_8.png,forgeries_4_8.png,forged,1,writer_4,writer_4_sample_8,.png,ResNet50_FineTuned,0.27874297,0,genuine,False,0.72125703,forged_predicted_as_genuine
/kaggle/input/datasets/matteocarnebella/cedar-signatures/signatures/signatures_33/forgeries_33_19.png,forgeries_33_19.png,forged,1,writer_33,writer_33_sample_19,.png,ResNet50_FineTuned,0.2813598,0,genuine,False,0.7186402,forged_predicted_as_genuine
/kaggle/input/datasets/matteocarnebella/cedar-signatures/signatures/signatures_14/forgeries_14_6.png,forgeries_14_6.png,forged,1,writer_14,writer_14_sample_6,.png,ResNet50_FineTuned,0.28562656,0,genuine,False,0.71437347,forged_predicted_as_genuine
/kaggle/input/datasets/matteocarnebella/cedar-signatures/signatures/signatures_4/forgeries_4_7.png,forgeries_4_7.png,forged,1,writer_4,writer_4_sample_7,.png,ResNet50_FineTuned,0.28583136,0,genuine,False,0.71416867,forged_predicted_as_genuine
/kaggle/input/datasets/matteocarnebella/cedar-signatures/signatures/signatures_14/forgeries_14_1.png,forgeries_14_1.png,forged,1,writer_14,writer_14_sample_1,.png,ResNet50_FineTuned,0.28726247,0,genuine,False,0.71273756,forged_predicted_as_genuine
/kaggle/input/datasets/matteocarnebella/cedar-signatures/signatures/signatures_14/forgeries_14_18.png,forgeries_14_18.png,forged,1,writer_14,writer_14_sample_18,.png,ResNet50_FineTuned,0.29814595,0,genuine,False,0.70185405,forged_predicted_as_genuine
/kaggle/input/datasets/matteocarnebella/cedar-signatures/signatures/signatures_54/forgeries_54_3.png,forgeries_54_3.png,forged,1,writer_54,writer_54_sample_3,.png,ResNet50_FineTuned,0.30064297,0,genuine,False,0.69935703,forged_predicted_as_genuine
/kaggle/input/datasets/matteocarnebella/cedar-signatures/signatures/signatures_54/forgeries_54_12.png,forgeries_54_12.png,forged,1,writer_54,writer_54_sample_12,.png,ResNet50_FineTuned,0.30157098,0,genuine,False,0.698429,forged_predicted_as_genuine
/kaggle/input/datasets/matteocarnebella/cedar-signatures/signatures/signatures_33/forgeries_33_20.png,forgeries_33_20.png,forged,1,writer_33,writer_33_sample_20,.png,ResNet50_FineTuned,0.30521297,0,genuine,False,0.694787,forged_predicted_as_genuine
/kaggle/input/datasets/matteocarnebella/cedar-signatures/signatures/signatures_47/forgeries_47_11.png,forgeries_47_11.png,forged,1,writer_47,writer_47_sample_11,.png,ResNet50_FineTuned,0.30580413,0,genuine,False,0.69419587,forged_predicted_as_genuine
/kaggle/input/datasets/matteocarnebella/cedar-signatures/signatures/signatures_54/forgeries_54_14.png,forgeries_54_14.png,forged,1,writer_54,writer_54_sample_14,.png,ResNet50_FineTuned,0.30956504,0,genuine,False,0.69043493,forged_predicted_as_genuine
/kaggle/input/datasets/matteocarnebella/cedar-signatures/signatures/signatures_14/forgeries_14_12.png,forgeries_14_12.png,forged,1,writer_14,writer_14_sample_12,.png,ResNet50_FineTuned,0.3114858,0,genuine,False,0.68851423,forged_predicted_as_genuine
/kaggle/input/datasets/matteocarnebella/cedar-signatures/signatures/signatures_14/forgeries_14_9.png,forgeries_14_9.png,forged,1,writer_14,writer_14_sample_9,.png,ResNet50_FineTuned,0.3125099,0,genuine,False,0.6874901,forged_predicted_as_genuine
/kaggle/input/datasets/matteocarnebella/cedar-signatures/signatures/signatures_14/forgeries_14_19.png,forgeries_14_19.png,forged,1,writer_14,writer_14_sample_19,.png,ResNet50_FineTuned,0.32145154,0,genuine,False,0.67854846,forged_predicted_as_genuine
/kaggle/input/datasets/matteocarnebella/cedar-signatures/signatures/signatures_14/forgeries_14_4.png,forgeries_14_4.png,forged,1,writer_14,writer_14_sample_4,.png,ResNet50_FineTuned,0.32876268,0,genuine,False,0.67123735,forged_predicted_as_genuine
/kaggle/input/datasets/matteocarnebella/cedar-signatures/signatures/signatures_21/forgeries_21_5.png,forgeries_21_5.png,forged,1,writer_21,writer_21_sample_5,.png,ResNet50_FineTuned,0.33179805,0,genuine,False,0.6682019,forged_predicted_as_genuine
/kaggle/input/datasets/matteocarnebella/cedar-signatures/signatures/signatures_4/forgeries_4_1.png,forgeries_4_1.png,forged,1,writer_4,writer_4_sample_1,.png,ResNet50_FineTuned,0.33320212,0,genuine,False,0.6667979,forged_predicted_as_genuine
/kaggle/input/datasets/matteocarnebella/cedar-signatures/signatures/signatures_21/forgeries_21_21.png,forgeries_21_21.png,forged,1,writer_21,writer_21_sample_21,.png,ResNet50_FineTuned,0.33485025,0,genuine,False,0.66514975,forged_predicted_as_genuine
/kaggle/input/datasets/matteocarnebella/cedar-signatures/signatures/signatures_33/forgeries_33_22.png,forgeries_33_22.png,forged,1,writer_33,writer_33_sample_22,.png,ResNet50_FineTuned,0.3401222,0,genuine,False,0.6598778,forged_predicted_as_genuine
/kaggle/input/datasets/matteocarnebella/cedar-signatures/signatures/signatures_33/forgeries_33_9.png,forgeries_33_9.png,forged,1,writer_33,writer_33_sample_9,.png,ResNet50_FineTuned,0.34609473,0,genuine,False,0.6539053,forged_predicted_as_genuine
/kaggle/input/datasets/matteocarnebella/cedar-signatures/signatures/signatures_14/forgeries_14_7.png,forgeries_14_7.png,forged,1,writer_14,writer_14_sample_7,.png,ResNet50_FineTuned,0.3581235,0,genuine,False,0.64187646,forged_predicted_as_genuine
/kaggle/input/datasets/matteocarnebella/cedar-signatures/signatures/signatures_21/forgeries_21_6.png,forgeries_21_6.png,forged,1,writer_21,writer_21_sample_6,.png,ResNet50_FineTuned,0.36787164,0,genuine,False,0.63212836,forged_predicted_as_genuine
/kaggle/input/datasets/matteocarnebella/cedar-signatures/signatures/signatures_47/forgeries_47_4.png,forgeries_47_4.png,forged,1,writer_47,writer_47_sample_4,.png,ResNet50_FineTuned,0.3695786,0,genuine,False,0.6304214,forged_predicted_as_genuine
/kaggle/input/datasets/matteocarnebella/cedar-signatures/signatures/signatures_4/forgeries_4_6.png,forgeries_4_6.png,forged,1,writer_4,writer_4_sample_6,.png,ResNet50_FineTuned,0.37619504,0,genuine,False,0.6238049,forged_predicted_as_genuine
/kaggle/input/datasets/matteocarnebella/cedar-signatures/signatures/signatures_54/forgeries_54_1.png,forgeries_54_1.png,forged,1,writer_54,writer_54_sample_1,.png,ResNet50_FineTuned,0.37927523,0,genuine,False,0.6207248,forged_predicted_as_genuine
/kaggle/input/datasets/matteocarnebella/cedar-signatures/signatures/signatures_14/forgeries_14_5.png,forgeries_14_5.png,forged,1,writer_14,writer_14_sample_5,.png,ResNet50_FineTuned,0.38006678,0,genuine,False,0.61993325,forged_predicted_as_genuine
/kaggle/input/datasets/matteocarnebella/cedar-signatures/signatures/signatures_33/forgeries_33_4.png,forgeries_33_4.png,forged,1,writer_33,writer_33_sample_4,.png,ResNet50_FineTuned,0.38007778,0,genuine,False,0.6199222,forged_predicted_as_genuine
/kaggle/input/datasets/matteocarnebella/cedar-signatures/signatures/signatures_54/forgeries_54_18.png,forgeries_54_18.png,forged,1,writer_54,writer_54_sample_18,.png,ResNet50_FineTuned,0.38194224,0,genuine,False,0.6180577,forged_predicted_as_genuine
/kaggle/input/datasets/matteocarnebella/cedar-signatures/signatures/signatures_4/forgeries_4_18.png,forgeries_4_18.png,forged,1,writer_4,writer_4_sample_18,.png,ResNet50_FineTuned,0.38480982,0,genuine,False,0.61519015,forged_predicted_as_genuine
/kaggle/input/datasets/matteocarnebella/cedar-signatures/signatures/signatures_4/forgeries_4_21.png,forgeries_4_21.png,forged,1,writer_4,writer_4_sample_21,.png,ResNet50_FineTuned,0.39437535,0,genuine,False,0.6056247,forged_predicted_as_genuine
/kaggle/input/datasets/matteocarnebella/cedar-signatures/signatures/signatures_14/forgeries_14_17.png,forgeries_14_17.png,forged,1,writer_14,writer_14_sample_17,.png,ResNet50_FineTuned,0.39550132,0,genuine,False,0.6044987,forged_predicted_as_genuine
/kaggle/input/datasets/matteocarnebella/cedar-signatures/signatures/signatures_4/forgeries_4_14.png,forgeries_4_14.png,forged,1,writer_4,writer_4_sample_14,.png,ResNet50_FineTuned,0.39561018,0,genuine,False,0.6043898,forged_predicted_as_genuine
/kaggle/input/datasets/matteocarnebella/cedar-signatures/signatures/signatures_21/forgeries_21_9.png,forgeries_21_9.png,forged,1,writer_21,writer_21_sample_9,.png,ResNet50_FineTuned,0.3957906,0,genuine,False,0.6042094,forged_predicted_as_genuine
/kaggle/input/datasets/matteocarnebella/cedar-signatures/signatures/signatures_33/forgeries_33_14.png,forgeries_33_14.png,forged,1,writer_33,writer_33_sample_14,.png,ResNet50_FineTuned,0.39677712,0,genuine,False,0.60322285,forged_predicted_as_genuine
/kaggle/input/datasets/matteocarnebella/cedar-signatures/signatures/signatures_21/forgeries_21_13.png,forgeries_21_13.png,forged,1,writer_21,writer_21_sample_13,.png,ResNet50_FineTuned,0.39698115,0,genuine,False,0.6030189,forged_predicted_as_genuine
/kaggle/input/datasets/matteocarnebella/cedar-signatures/signatures/signatures_4/forgeries_4_15.png,forgeries_4_15.png,forged,1,writer_4,writer_4_sample_15,.png,ResNet50_FineTuned,0.40304574,0,genuine,False,0.5969542,forged_predicted_as_genuine
/kaggle/input/datasets/matteocarnebella/cedar-signatures/signatures/signatures_47/forgeries_47_1.png,forgeries_47_1.png,forged,1,writer_47,writer_47_sample_1,.png,ResNet50_FineTuned,0.41149828,0,genuine,False,0.5885017,forged_predicted_as_genuine
/kaggle/input/datasets/matteocarnebella/cedar-signatures/signatures/signatures_14/forgeries_14_2.png,forgeries_14_2.png,forged,1,writer_14,writer_14_sample_2,.png,ResNet50_FineTuned,0.41559604,0,genuine,False,0.584404,forged_predicted_as_genuine
/kaggle/input/datasets/matteocarnebella/cedar-signatures/signatures/signatures_14/forgeries_14_14.png,forgeries_14_14.png,forged,1,writer_14,writer_14_sample_14,.png,ResNet50_FineTuned,0.4201572,0,genuine,False,0.5798428,forged_predicted_as_genuine
/kaggle/input/datasets/matteocarnebella/cedar-signatures/signatures/signatures_47/forgeries_47_10.png,forgeries_47_10.png,forged,1,writer_47,writer_47_sample_10,.png,ResNet50_FineTuned,0.4250935,0,genuine,False,0.57490647,forged_predicted_as_genuine
/kaggle/input/datasets/matteocarnebella/cedar-signatures/signatures/signatures_14/forgeries_14_3.png,forgeries_14_3.png,forged,1,writer_14,writer_14_sample_3,.png,ResNet50_FineTuned,0.42680576,0,genuine,False,0.57319427,forged_predicted_as_genuine
/kaggle/input/datasets/matteocarnebella/cedar-signatures/signatures/signatures_33/forgeries_33_23.png,forgeries_33_23.png,forged,1,writer_33,writer_33_sample_23,.png,ResNet50_FineTuned,0.4281063,0,genuine,False,0.5718937,forged_predicted_as_genuine
/kaggle/input/datasets/matteocarnebella/cedar-signatures/signatures/signatures_54/forgeries_54_20.png,forgeries_54_20.png,forged,1,writer_54,writer_54_sample_20,.png,ResNet50_FineTuned,0.43520954,0,genuine,False,0.5647905,forged_predicted_as_genuine
/kaggle/input/datasets/matteocarnebella/cedar-signatures/signatures/signatures_14/forgeries_14_11.png,forgeries_14_11.png,forged,1,writer_14,writer_14_sample_11,.png,ResNet50_FineTuned,0.44077775,0,genuine,False,0.5592222,forged_predicted_as_genuine
/kaggle/input/datasets/matteocarnebella/cedar-signatures/signatures/signatures_33/forgeries_33_2.png,forgeries_33_2.png,forged,1,writer_33,writer_33_sample_2,.png,ResNet50_FineTuned,0.44234595,0,genuine,False,0.557654,forged_predicted_as_genuine
/kaggle/input/datasets/matteocarnebella/cedar-signatures/signatures/signatures_14/forgeries_14_10.png,forgeries_14_10.png,forged,1,writer_14,writer_14_sample_10,.png,ResNet50_FineTuned,0.44362763,0,genuine,False,0.5563724,forged_predicted_as_genuine
/kaggle/input/datasets/matteocarnebella/cedar-signatures/signatures/signatures_47/forgeries_47_2.png,forgeries_47_2.png,forged,1,writer_47,writer_47_sample_2,.png,ResNet50_FineTuned,0.44460803,0,genuine,False,0.55539197,forged_predicted_as_genuine
/kaggle/input/datasets/matteocarnebella/cedar-signatures/signatures/signatures_21/forgeries_21_16.png,forgeries_21_16.png,forged,1,writer_21,writer_21_sample_16,.png,ResNet50_FineTuned,0.44461626,0,genuine,False,0.55538374,forged_predicted_as_genuine
/kaggle/input/datasets/matteocarnebella/cedar-signatures/signatures/signatures_15/forgeries_15_16.png,forgeries_15_16.png,forged,1,writer_15,writer_15_sample_16,.png,ResNet50_FineTuned,0.44691876,0,genuine,False,0.5530813,forged_predicted_as_genuine
/kaggle/input/datasets/matteocarnebella/cedar-signatures/signatures/signatures_54/forgeries_54_11.png,forgeries_54_11.png,forged,1,writer_54,writer_54_sample_11,.png,ResNet50_FineTuned,0.44918573,0,genuine,False,0.5508143,forged_predicted_as_genuine
/kaggle/input/datasets/matteocarnebella/cedar-signatures/signatures/signatures_21/forgeries_21_18.png,forgeries_21_18.png,forged,1,writer_21,writer_21_sample_18,.png,ResNet50_FineTuned,0.45062685,0,genuine,False,0.54937315,forged_predicted_as_genuine
/kaggle/input/datasets/matteocarnebella/cedar-signatures/signatures/signatures_47/forgeries_47_5.png,forgeries_47_5.png,forged,1,writer_47,writer_47_sample_5,.png,ResNet50_FineTuned,0.45252636,0,genuine,False,0.54747367,forged_predicted_as_genuine
/kaggle/input/datasets/matteocarnebella/cedar-signatures/signatures/signatures_33/forgeries_33_17.png,forgeries_33_17.png,forged,1,writer_33,writer_33_sample_17,.png,ResNet50_FineTuned,0.46061146,0,genuine,False,0.53938854,forged_predicted_as_genuine
/kaggle/input/datasets/matteocarnebella/cedar-signatures/signatures/signatures_47/forgeries_47_21.png,forgeries_47_21.png,forged,1,writer_47,writer_47_sample_21,.png,ResNet50_FineTuned,0.46302482,0,genuine,False,0.53697515,forged_predicted_as_genuine
/kaggle/input/datasets/matteocarnebella/cedar-signatures/signatures/signatures_47/forgeries_47_20.png,forgeries_47_20.png,forged,1,writer_47,writer_47_sample_20,.png,ResNet50_FineTuned,0.46346137,0,genuine,False,0.5365386,forged_predicted_as_genuine
/kaggle/input/datasets/matteocarnebella/cedar-signatures/signatures/signatures_21/forgeries_21_7.png,forgeries_21_7.png,forged,1,writer_21,writer_21_sample_7,.png,ResNet50_FineTuned,0.46386552,0,genuine,False,0.5361345,forged_predicted_as_genuine
/kaggle/input/datasets/matteocarnebella/cedar-signatures/signatures/signatures_12/forgeries_12_10.png,forgeries_12_10.png,forged,1,writer_12,writer_12_sample_10,.png,ResNet50_FineTuned,0.4662351,0,genuine,False,0.5337649,forged_predicted_as_genuine
/kaggle/input/datasets/matteocarnebella/cedar-signatures/signatures/signatures_33/forgeries_33_1.png,forgeries_33_1.png,forged,1,writer_33,writer_33_sample_1,.png,ResNet50_FineTuned,0.47199577,0,genuine,False,0.5280042,forged_predicted_as_genuine
/kaggle/input/datasets/matteocarnebella/cedar-signatures/signatures/signatures_21/forgeries_21_2.png,forgeries_21_2.png,forged,1,writer_21,writer_21_sample_2,.png,ResNet50_FineTuned,0.47468013,0,genuine,False,0.5253199,forged_predicted_as_genuine
/kaggle/input/datasets/matteocarnebella/cedar-signatures/signatures/signatures_47/forgeries_47_3.png,forgeries_47_3.png,forged,1,writer_47,writer_47_sample_3,.png,ResNet50_FineTuned,0.47903457,0,genuine,False,0.52096546,forged_predicted_as_genuine
/kaggle/input/datasets/matteocarnebella/cedar-signatures/signatures/signatures_54/forgeries_54_17.png,forgeries_54_17.png,forged,1,writer_54,writer_54_sample_17,.png,ResNet50_FineTuned,0.47926435,0,genuine,False,0.5207356,forged_predicted_as_genuine
/kaggle/input/datasets/matteocarnebella/cedar-signatures/signatures/signatures_15/forgeries_15_11.png,forgeries_15_11.png,forged,1,writer_15,writer_15_sample_11,.png,ResNet50_FineTuned,0.48040295,0,genuine,False,0.51959705,forged_predicted_as_genuine
/kaggle/input/datasets/matteocarnebella/cedar-signatures/signatures/signatures_14/forgeries_14_8.png,forgeries_14_8.png,forged,1,writer_14,writer_14_sample_8,.png,ResNet50_FineTuned,0.48109925,0,genuine,False,0.51890075,forged_predicted_as_genuine
/kaggle/input/datasets/matteocarnebella/cedar-signatures/signatures/signatures_47/forgeries_47_14.png,forgeries_47_14.png,forged,1,writer_47,writer_47_sample_14,.png,ResNet50_FineTuned,0.48162493,0,genuine,False,0.51837504,forged_predicted_as_genuine
/kaggle/input/datasets/matteocarnebella/cedar-signatures/signatures/signatures_54/forgeries_54_2.png,forgeries_54_2.png,forged,1,writer_54,writer_54_sample_2,.png,ResNet50_FineTuned,0.48403934,0,genuine,False,0.5159607,forged_predicted_as_genuine
/kaggle/input/datasets/matteocarnebella/cedar-signatures/signatures/signatures_4/forgeries_4_10.png,forgeries_4_10.png,forged,1,writer_4,writer_4_sample_10,.png,ResNet50_FineTuned,0.48407263,0,genuine,False,0.5159274,forged_predicted_as_genuine
/kaggle/input/datasets/matteocarnebella/cedar-signatures/signatures/signatures_21/forgeries_21_10.png,forgeries_21_10.png,forged,1,writer_21,writer_21_sample_10,.png,ResNet50_FineTuned,0.4878967,0,genuine,False,0.5121033,forged_predicted_as_genuine
/kaggle/input/datasets/matteocarnebella/cedar-signatures/signatures/signatures_4/forgeries_4_22.png,forgeries_4_22.png,forged,1,writer_4,writer_4_sample_22,.png,ResNet50_FineTuned,0.48904428,0,genuine,False,0.5109557,forged_predicted_as_genuine
/kaggle/input/datasets/matteocarnebella/cedar-signatures/signatures/signatures_12/forgeries_12_12.png,forgeries_12_12.png,forged,1,writer_12,writer_12_sample_12,.png,ResNet50_FineTuned,0.49300766,0,genuine,False,0.50699234,forged_predicted_as_genuine
/kaggle/input/datasets/matteocarnebella/cedar-signatures/signatures/signatures_54/forgeries_54_7.png,forgeries_54_7.png,forged,1,writer_54,writer_54_sample_7,.png,ResNet50_FineTuned,0.49785855,0,genuine,False,0.5021415,forged_predicted_as_genuine
